scenario,replicate,semester,cumulative_k
Small lab,0,1,0.923
Small lab,0,2,1.847
Small lab,0,3,2.793
Small lab,1,1,0.919
Small lab,1,2,1.873
Small lab,1,3,2.871
Small lab,2,1,0.916
Small lab,2,2,1.89
Small lab,2,3,2.754
Small lab,3,1,1.016
Small lab,3,2,1.924
Small lab,3,3,2.833
Small lab,4,1,0.951
Small lab,4,2,1.886
Small lab,4,3,2.818
Small lab,5,1,0.961
Small lab,5,2,1.859
Small lab,5,3,2.801
Small lab,6,1,0.949
Small lab,6,2,1.914
Small lab,6,3,2.832
Small lab,7,1,0.941
Small lab,7,2,1.879
Small lab,7,3,2.766
Small lab,8,1,0.92
Small lab,8,2,1.851
Small lab,8,3,2.727
Small lab,9,1,0.982
Small lab,9,2,1.958
Small lab,9,3,2.859
Small lab,10,1,0.865
Small lab,10,2,1.823
Small lab,10,3,2.707
Small lab,11,1,0.944
Small lab,11,2,1.799
Small lab,11,3,2.709
Small lab,12,1,0.927
Small lab,12,2,1.804
Small lab,12,3,2.77
Small lab,13,1,0.902
Small lab,13,2,1.828
Small lab,13,3,2.757
Small lab,14,1,0.899
Small lab,14,2,1.793
Small lab,14,3,2.695
Small lab,15,1,0.952
Small lab,15,2,1.926
Small lab,15,3,2.874
Small lab,16,1,0.884
Small lab,16,2,1.822
Small lab,16,3,2.74
Small lab,17,1,0.925
Small lab,17,2,1.859
Small lab,17,3,2.803
Small lab,18,1,0.938
Small lab,18,2,1.861
Small lab,18,3,2.819
Small lab,19,1,0.971
Small lab,19,2,1.883
Small lab,19,3,2.787
Small lab,20,1,0.909
Small lab,20,2,1.833
Small lab,20,3,2.786
Small lab,21,1,0.92
Small lab,21,2,1.884
Small lab,21,3,2.833
Small lab,22,1,0.986
Small lab,22,2,1.896
Small lab,22,3,2.868
Small lab,23,1,0.931
Small lab,23,2,1.883
Small lab,23,3,2.867
Small lab,24,1,0.992
Small lab,24,2,1.955
Small lab,24,3,2.887
Small lab,25,1,0.972
Small lab,25,2,1.879
Small lab,25,3,2.84
Small lab,26,1,0.902
Small lab,26,2,1.845
Small lab,26,3,2.725
Small lab,27,1,0.977
Small lab,27,2,1.88
Small lab,27,3,2.819
Small lab,28,1,0.93
Small lab,28,2,1.82
Small lab,28,3,2.818
Small lab,29,1,0.91
Small lab,29,2,1.866
Small lab,29,3,2.773
Small lab,30,1,0.94
Small lab,30,2,1.825
Small lab,30,3,2.759
Small lab,31,1,0.919
Small lab,31,2,1.861
Small lab,31,3,2.809
Small lab,32,1,0.931
Small lab,32,2,1.843
Small lab,32,3,2.765
Small lab,33,1,0.935
Small lab,33,2,1.87
Small lab,33,3,2.825
Small lab,34,1,0.863
Small lab,34,2,1.83
Small lab,34,3,2.767
Small lab,35,1,0.947
Small lab,35,2,1.811
Small lab,35,3,2.759
Small lab,36,1,0.946
Small lab,36,2,1.897
Small lab,36,3,2.83
Small lab,37,1,0.927
Small lab,37,2,1.885
Small lab,37,3,2.792
Small lab,38,1,0.96
Small lab,38,2,1.848
Small lab,38,3,2.75
Small lab,39,1,0.927
Small lab,39,2,1.853
Small lab,39,3,2.864
Small lab,40,1,0.883
Small lab,40,2,1.905
Small lab,40,3,2.914
Small lab,41,1,0.915
Small lab,41,2,1.833
Small lab,41,3,2.77
Small lab,42,1,0.93
Small lab,42,2,1.841
Small lab,42,3,2.749
Small lab,43,1,0.89
Small lab,43,2,1.804
Small lab,43,3,2.722
Small lab,44,1,0.875
Small lab,44,2,1.824
Small lab,44,3,2.784
Small lab,45,1,0.933
Small lab,45,2,1.87
Small lab,45,3,2.822
Small lab,46,1,0.885
Small lab,46,2,1.799
Small lab,46,3,2.762
Small lab,47,1,0.931
Small lab,47,2,1.867
Small lab,47,3,2.827
Small lab,48,1,0.982
Small lab,48,2,1.935
Small lab,48,3,2.891
Small lab,49,1,0.94
Small lab,49,2,1.912
Small lab,49,3,2.815
Small lab,50,1,0.971
Small lab,50,2,1.896
Small lab,50,3,2.809
Small lab,51,1,0.992
Small lab,51,2,1.92
Small lab,51,3,2.904
Small lab,52,1,0.88
Small lab,52,2,1.868
Small lab,52,3,2.82
Small lab,53,1,0.872
Small lab,53,2,1.809
Small lab,53,3,2.715
Small lab,54,1,0.948
Small lab,54,2,1.909
Small lab,54,3,2.83
Small lab,55,1,0.963
Small lab,55,2,1.893
Small lab,55,3,2.8
Small lab,56,1,0.975
Small lab,56,2,1.936
Small lab,56,3,2.894
Small lab,57,1,0.938
Small lab,57,2,1.885
Small lab,57,3,2.866
Small lab,58,1,0.977
Small lab,58,2,1.944
Small lab,58,3,2.873
Small lab,59,1,0.98
Small lab,59,2,1.983
Small lab,59,3,2.92
Small lab,60,1,0.954
Small lab,60,2,1.905
Small lab,60,3,2.855
Small lab,61,1,0.962
Small lab,61,2,1.879
Small lab,61,3,2.831
Small lab,62,1,0.921
Small lab,62,2,1.864
Small lab,62,3,2.77
Small lab,63,1,0.961
Small lab,63,2,1.942
Small lab,63,3,2.855
Small lab,64,1,0.925
Small lab,64,2,1.874
Small lab,64,3,2.801
Small lab,65,1,0.898
Small lab,65,2,1.815
Small lab,65,3,2.74
Small lab,66,1,0.961
Small lab,66,2,1.925
Small lab,66,3,2.842
Small lab,67,1,0.95
Small lab,67,2,1.884
Small lab,67,3,2.82
Small lab,68,1,0.886
Small lab,68,2,1.822
Small lab,68,3,2.678
Small lab,69,1,0.913
Small lab,69,2,1.857
Small lab,69,3,2.751
Small lab,70,1,0.932
Small lab,70,2,1.799
Small lab,70,3,2.716
Small lab,71,1,0.969
Small lab,71,2,1.919
Small lab,71,3,2.845
Small lab,72,1,0.948
Small lab,72,2,1.895
Small lab,72,3,2.881
Small lab,73,1,0.927
Small lab,73,2,1.903
Small lab,73,3,2.854
Small lab,74,1,0.93
Small lab,74,2,1.886
Small lab,74,3,2.824
Small lab,75,1,0.915
Small lab,75,2,1.845
Small lab,75,3,2.784
Small lab,76,1,1.009
Small lab,76,2,1.929
Small lab,76,3,2.864
Small lab,77,1,0.959
Small lab,77,2,1.923
Small lab,77,3,2.793
Small lab,78,1,0.947
Small lab,78,2,1.837
Small lab,78,3,2.805
Small lab,79,1,0.933
Small lab,79,2,1.828
Small lab,79,3,2.788
Small lab,80,1,0.922
Small lab,80,2,1.861
Small lab,80,3,2.829
Small lab,81,1,0.905
Small lab,81,2,1.818
Small lab,81,3,2.726
Small lab,82,1,0.962
Small lab,82,2,1.884
Small lab,82,3,2.808
Small lab,83,1,0.929
Small lab,83,2,1.853
Small lab,83,3,2.764
Small lab,84,1,0.957
Small lab,84,2,1.9
Small lab,84,3,2.827
Small lab,85,1,0.93
Small lab,85,2,1.869
Small lab,85,3,2.806
Small lab,86,1,0.935
Small lab,86,2,1.932
Small lab,86,3,2.821
Small lab,87,1,0.876
Small lab,87,2,1.779
Small lab,87,3,2.742
Small lab,88,1,0.944
Small lab,88,2,1.868
Small lab,88,3,2.754
Small lab,89,1,0.934
Small lab,89,2,1.877
Small lab,89,3,2.774
Small lab,90,1,0.935
Small lab,90,2,1.862
Small lab,90,3,2.748
Small lab,91,1,1.029
Small lab,91,2,1.924
Small lab,91,3,2.824
Small lab,92,1,0.925
Small lab,92,2,1.84
Small lab,92,3,2.771
Small lab,93,1,0.972
Small lab,93,2,1.908
Small lab,93,3,2.829
Small lab,94,1,0.964
Small lab,94,2,1.856
Small lab,94,3,2.796
Small lab,95,1,0.963
Small lab,95,2,1.844
Small lab,95,3,2.789
Small lab,96,1,0.964
Small lab,96,2,1.927
Small lab,96,3,2.87
Small lab,97,1,0.898
Small lab,97,2,1.859
Small lab,97,3,2.821
Small lab,98,1,0.954
Small lab,98,2,1.93
Small lab,98,3,2.852
Small lab,99,1,0.947
Small lab,99,2,1.915
Small lab,99,3,2.861
Small lab,100,1,0.93
Small lab,100,2,1.94
Small lab,100,3,2.92
Small lab,101,1,0.942
Small lab,101,2,1.854
Small lab,101,3,2.765
Small lab,102,1,0.905
Small lab,102,2,1.866
Small lab,102,3,2.806
Small lab,103,1,0.941
Small lab,103,2,1.861
Small lab,103,3,2.796
Small lab,104,1,0.953
Small lab,104,2,1.843
Small lab,104,3,2.801
Small lab,105,1,0.948
Small lab,105,2,1.859
Small lab,105,3,2.811
Small lab,106,1,0.954
Small lab,106,2,1.894
Small lab,106,3,2.818
Small lab,107,1,0.92
Small lab,107,2,1.861
Small lab,107,3,2.793
Small lab,108,1,0.944
Small lab,108,2,1.872
Small lab,108,3,2.866
Small lab,109,1,0.987
Small lab,109,2,1.931
Small lab,109,3,2.835
Small lab,110,1,0.938
Small lab,110,2,1.903
Small lab,110,3,2.862
Small lab,111,1,0.895
Small lab,111,2,1.848
Small lab,111,3,2.763
Small lab,112,1,1.008
Small lab,112,2,1.927
Small lab,112,3,2.85
Small lab,113,1,0.928
Small lab,113,2,1.849
Small lab,113,3,2.795
Small lab,114,1,0.993
Small lab,114,2,1.956
Small lab,114,3,2.933
Small lab,115,1,0.934
Small lab,115,2,1.873
Small lab,115,3,2.817
Small lab,116,1,0.908
Small lab,116,2,1.865
Small lab,116,3,2.789
Small lab,117,1,0.966
Small lab,117,2,1.941
Small lab,117,3,2.907
Small lab,118,1,0.925
Small lab,118,2,1.872
Small lab,118,3,2.782
Small lab,119,1,0.972
Small lab,119,2,1.829
Small lab,119,3,2.751
Small lab,120,1,0.957
Small lab,120,2,1.981
Small lab,120,3,2.939
Small lab,121,1,0.956
Small lab,121,2,1.883
Small lab,121,3,2.831
Small lab,122,1,0.931
Small lab,122,2,1.901
Small lab,122,3,2.852
Small lab,123,1,0.994
Small lab,123,2,1.915
Small lab,123,3,2.878
Small lab,124,1,0.96
Small lab,124,2,1.831
Small lab,124,3,2.768
Small lab,125,1,0.925
Small lab,125,2,1.879
Small lab,125,3,2.851
Small lab,126,1,0.922
Small lab,126,2,1.844
Small lab,126,3,2.813
Small lab,127,1,0.956
Small lab,127,2,1.871
Small lab,127,3,2.773
Small lab,128,1,0.905
Small lab,128,2,1.849
Small lab,128,3,2.785
Small lab,129,1,0.947
Small lab,129,2,1.863
Small lab,129,3,2.788
Small lab,130,1,0.943
Small lab,130,2,1.876
Small lab,130,3,2.792
Small lab,131,1,0.946
Small lab,131,2,1.863
Small lab,131,3,2.783
Small lab,132,1,0.952
Small lab,132,2,1.955
Small lab,132,3,2.903
Small lab,133,1,0.966
Small lab,133,2,1.873
Small lab,133,3,2.842
Small lab,134,1,0.923
Small lab,134,2,1.851
Small lab,134,3,2.757
Small lab,135,1,0.942
Small lab,135,2,1.91
Small lab,135,3,2.877
Small lab,136,1,0.912
Small lab,136,2,1.882
Small lab,136,3,2.901
Small lab,137,1,0.974
Small lab,137,2,1.932
Small lab,137,3,2.875
Small lab,138,1,0.936
Small lab,138,2,1.888
Small lab,138,3,2.815
Small lab,139,1,0.976
Small lab,139,2,1.895
Small lab,139,3,2.8
Small lab,140,1,0.917
Small lab,140,2,1.882
Small lab,140,3,2.832
Small lab,141,1,0.908
Small lab,141,2,1.855
Small lab,141,3,2.789
Small lab,142,1,0.97
Small lab,142,2,1.89
Small lab,142,3,2.824
Small lab,143,1,0.927
Small lab,143,2,1.841
Small lab,143,3,2.838
Small lab,144,1,0.914
Small lab,144,2,1.916
Small lab,144,3,2.899
Small lab,145,1,0.946
Small lab,145,2,1.859
Small lab,145,3,2.831
Small lab,146,1,0.959
Small lab,146,2,1.906
Small lab,146,3,2.847
Small lab,147,1,0.962
Small lab,147,2,1.881
Small lab,147,3,2.874
Small lab,148,1,0.926
Small lab,148,2,1.855
Small lab,148,3,2.783
Small lab,149,1,0.906
Small lab,149,2,1.796
Small lab,149,3,2.721
Small lab,150,1,0.906
Small lab,150,2,1.852
Small lab,150,3,2.739
Small lab,151,1,0.961
Small lab,151,2,1.869
Small lab,151,3,2.801
Small lab,152,1,0.875
Small lab,152,2,1.768
Small lab,152,3,2.714
Small lab,153,1,0.968
Small lab,153,2,1.927
Small lab,153,3,2.9
Small lab,154,1,0.965
Small lab,154,2,1.876
Small lab,154,3,2.836
Small lab,155,1,0.905
Small lab,155,2,1.816
Small lab,155,3,2.78
Small lab,156,1,0.917
Small lab,156,2,1.857
Small lab,156,3,2.81
Small lab,157,1,0.921
Small lab,157,2,1.852
Small lab,157,3,2.783
Small lab,158,1,0.959
Small lab,158,2,1.892
Small lab,158,3,2.809
Small lab,159,1,0.939
Small lab,159,2,1.829
Small lab,159,3,2.816
Small lab,160,1,0.951
Small lab,160,2,1.865
Small lab,160,3,2.833
Small lab,161,1,0.945
Small lab,161,2,1.921
Small lab,161,3,2.882
Small lab,162,1,0.922
Small lab,162,2,1.853
Small lab,162,3,2.815
Small lab,163,1,0.914
Small lab,163,2,1.837
Small lab,163,3,2.783
Small lab,164,1,0.928
Small lab,164,2,1.908
Small lab,164,3,2.873
Small lab,165,1,0.875
Small lab,165,2,1.834
Small lab,165,3,2.757
Small lab,166,1,0.98
Small lab,166,2,1.926
Small lab,166,3,2.902
Small lab,167,1,0.934
Small lab,167,2,1.864
Small lab,167,3,2.827
Small lab,168,1,0.959
Small lab,168,2,1.893
Small lab,168,3,2.877
Small lab,169,1,0.933
Small lab,169,2,1.86
Small lab,169,3,2.872
Small lab,170,1,0.904
Small lab,170,2,1.853
Small lab,170,3,2.757
Small lab,171,1,0.921
Small lab,171,2,1.846
Small lab,171,3,2.767
Small lab,172,1,0.934
Small lab,172,2,1.916
Small lab,172,3,2.863
Small lab,173,1,0.947
Small lab,173,2,1.882
Small lab,173,3,2.878
Small lab,174,1,0.902
Small lab,174,2,1.825
Small lab,174,3,2.777
Small lab,175,1,0.928
Small lab,175,2,1.89
Small lab,175,3,2.797
Small lab,176,1,0.966
Small lab,176,2,1.951
Small lab,176,3,2.85
Small lab,177,1,0.908
Small lab,177,2,1.831
Small lab,177,3,2.724
Small lab,178,1,0.904
Small lab,178,2,1.818
Small lab,178,3,2.803
Small lab,179,1,0.986
Small lab,179,2,1.888
Small lab,179,3,2.814
Small lab,180,1,0.917
Small lab,180,2,1.86
Small lab,180,3,2.793
Small lab,181,1,0.971
Small lab,181,2,1.938
Small lab,181,3,2.833
Small lab,182,1,0.923
Small lab,182,2,1.881
Small lab,182,3,2.828
Small lab,183,1,0.895
Small lab,183,2,1.778
Small lab,183,3,2.716
Small lab,184,1,0.959
Small lab,184,2,1.873
Small lab,184,3,2.836
Small lab,185,1,0.956
Small lab,185,2,1.913
Small lab,185,3,2.85
Small lab,186,1,0.974
Small lab,186,2,1.933
Small lab,186,3,2.836
Small lab,187,1,0.915
Small lab,187,2,1.837
Small lab,187,3,2.775
Small lab,188,1,0.968
Small lab,188,2,1.922
Small lab,188,3,2.846
Small lab,189,1,0.943
Small lab,189,2,1.843
Small lab,189,3,2.785
Small lab,190,1,0.959
Small lab,190,2,1.902
Small lab,190,3,2.849
Small lab,191,1,0.978
Small lab,191,2,1.913
Small lab,191,3,2.85
Small lab,192,1,0.889
Small lab,192,2,1.807
Small lab,192,3,2.704
Small lab,193,1,0.922
Small lab,193,2,1.863
Small lab,193,3,2.749
Small lab,194,1,0.943
Small lab,194,2,1.815
Small lab,194,3,2.759
Small lab,195,1,0.927
Small lab,195,2,1.826
Small lab,195,3,2.759
Small lab,196,1,0.973
Small lab,196,2,1.955
Small lab,196,3,2.874
Small lab,197,1,0.952
Small lab,197,2,1.863
Small lab,197,3,2.785
Small lab,198,1,0.925
Small lab,198,2,1.896
Small lab,198,3,2.795
Small lab,199,1,0.946
Small lab,199,2,1.925
Small lab,199,3,2.883
Small lab,200,1,0.878
Small lab,200,2,1.85
Small lab,200,3,2.796
Small lab,201,1,0.999
Small lab,201,2,1.91
Small lab,201,3,2.833
Small lab,202,1,0.9
Small lab,202,2,1.847
Small lab,202,3,2.793
Small lab,203,1,0.915
Small lab,203,2,1.851
Small lab,203,3,2.801
Small lab,204,1,0.887
Small lab,204,2,1.874
Small lab,204,3,2.81
Small lab,205,1,0.891
Small lab,205,2,1.84
Small lab,205,3,2.786
Small lab,206,1,0.9
Small lab,206,2,1.878
Small lab,206,3,2.832
Small lab,207,1,0.969
Small lab,207,2,1.859
Small lab,207,3,2.759
Small lab,208,1,0.949
Small lab,208,2,1.905
Small lab,208,3,2.865
Small lab,209,1,0.941
Small lab,209,2,1.919
Small lab,209,3,2.883
Small lab,210,1,0.973
Small lab,210,2,1.883
Small lab,210,3,2.744
Small lab,211,1,0.942
Small lab,211,2,1.904
Small lab,211,3,2.842
Small lab,212,1,0.944
Small lab,212,2,1.842
Small lab,212,3,2.811
Small lab,213,1,0.944
Small lab,213,2,1.852
Small lab,213,3,2.859
Small lab,214,1,0.978
Small lab,214,2,1.944
Small lab,214,3,2.84
Small lab,215,1,0.943
Small lab,215,2,1.877
Small lab,215,3,2.802
Small lab,216,1,0.943
Small lab,216,2,1.907
Small lab,216,3,2.778
Small lab,217,1,0.945
Small lab,217,2,1.842
Small lab,217,3,2.765
Small lab,218,1,0.949
Small lab,218,2,1.905
Small lab,218,3,2.855
Small lab,219,1,0.934
Small lab,219,2,1.85
Small lab,219,3,2.78
Small lab,220,1,0.958
Small lab,220,2,1.933
Small lab,220,3,2.814
Small lab,221,1,0.947
Small lab,221,2,1.866
Small lab,221,3,2.793
Small lab,222,1,0.956
Small lab,222,2,1.885
Small lab,222,3,2.859
Small lab,223,1,0.918
Small lab,223,2,1.857
Small lab,223,3,2.879
Small lab,224,1,0.998
Small lab,224,2,1.902
Small lab,224,3,2.865
Small lab,225,1,0.903
Small lab,225,2,1.85
Small lab,225,3,2.73
Small lab,226,1,0.955
Small lab,226,2,1.863
Small lab,226,3,2.783
Small lab,227,1,0.929
Small lab,227,2,1.885
Small lab,227,3,2.838
Small lab,228,1,0.945
Small lab,228,2,1.84
Small lab,228,3,2.769
Small lab,229,1,0.966
Small lab,229,2,1.922
Small lab,229,3,2.86
Small lab,230,1,0.886
Small lab,230,2,1.787
Small lab,230,3,2.725
Small lab,231,1,0.936
Small lab,231,2,1.875
Small lab,231,3,2.843
Small lab,232,1,0.943
Small lab,232,2,1.95
Small lab,232,3,2.891
Small lab,233,1,0.939
Small lab,233,2,1.869
Small lab,233,3,2.811
Small lab,234,1,0.95
Small lab,234,2,1.89
Small lab,234,3,2.813
Small lab,235,1,0.925
Small lab,235,2,1.838
Small lab,235,3,2.795
Small lab,236,1,0.969
Small lab,236,2,1.879
Small lab,236,3,2.796
Small lab,237,1,0.923
Small lab,237,2,1.873
Small lab,237,3,2.853
Small lab,238,1,0.928
Small lab,238,2,1.829
Small lab,238,3,2.77
Small lab,239,1,0.919
Small lab,239,2,1.894
Small lab,239,3,2.866
Small lab,240,1,0.916
Small lab,240,2,1.879
Small lab,240,3,2.868
Small lab,241,1,0.928
Small lab,241,2,1.819
Small lab,241,3,2.752
Small lab,242,1,0.913
Small lab,242,2,1.837
Small lab,242,3,2.791
Small lab,243,1,0.9
Small lab,243,2,1.872
Small lab,243,3,2.831
Small lab,244,1,0.899
Small lab,244,2,1.809
Small lab,244,3,2.775
Small lab,245,1,0.913
Small lab,245,2,1.818
Small lab,245,3,2.766
Small lab,246,1,0.982
Small lab,246,2,1.966
Small lab,246,3,2.928
Small lab,247,1,0.899
Small lab,247,2,1.84
Small lab,247,3,2.775
Small lab,248,1,0.898
Small lab,248,2,1.739
Small lab,248,3,2.677
Small lab,249,1,0.937
Small lab,249,2,1.881
Small lab,249,3,2.797
Small lab,250,1,0.974
Small lab,250,2,1.895
Small lab,250,3,2.831
Small lab,251,1,0.921
Small lab,251,2,1.884
Small lab,251,3,2.744
Small lab,252,1,0.94
Small lab,252,2,1.854
Small lab,252,3,2.763
Small lab,253,1,0.993
Small lab,253,2,1.97
Small lab,253,3,2.866
Small lab,254,1,0.983
Small lab,254,2,1.917
Small lab,254,3,2.867
Small lab,255,1,0.956
Small lab,255,2,1.846
Small lab,255,3,2.779
Small lab,256,1,0.935
Small lab,256,2,1.786
Small lab,256,3,2.695
Small lab,257,1,0.906
Small lab,257,2,1.804
Small lab,257,3,2.759
Small lab,258,1,0.862
Small lab,258,2,1.849
Small lab,258,3,2.795
Small lab,259,1,0.938
Small lab,259,2,1.873
Small lab,259,3,2.791
Small lab,260,1,0.969
Small lab,260,2,1.885
Small lab,260,3,2.847
Small lab,261,1,0.968
Small lab,261,2,1.908
Small lab,261,3,2.857
Small lab,262,1,0.961
Small lab,262,2,1.895
Small lab,262,3,2.837
Small lab,263,1,0.961
Small lab,263,2,1.885
Small lab,263,3,2.822
Small lab,264,1,0.964
Small lab,264,2,1.947
Small lab,264,3,2.901
Small lab,265,1,1.01
Small lab,265,2,1.944
Small lab,265,3,2.885
Small lab,266,1,0.899
Small lab,266,2,1.842
Small lab,266,3,2.723
Small lab,267,1,0.974
Small lab,267,2,1.938
Small lab,267,3,2.934
Small lab,268,1,0.892
Small lab,268,2,1.775
Small lab,268,3,2.685
Small lab,269,1,0.945
Small lab,269,2,1.914
Small lab,269,3,2.832
Small lab,270,1,0.894
Small lab,270,2,1.768
Small lab,270,3,2.693
Small lab,271,1,0.931
Small lab,271,2,1.863
Small lab,271,3,2.877
Small lab,272,1,0.932
Small lab,272,2,1.911
Small lab,272,3,2.842
Small lab,273,1,0.946
Small lab,273,2,1.878
Small lab,273,3,2.778
Small lab,274,1,0.928
Small lab,274,2,1.879
Small lab,274,3,2.788
Small lab,275,1,0.945
Small lab,275,2,1.957
Small lab,275,3,2.873
Small lab,276,1,0.931
Small lab,276,2,1.869
Small lab,276,3,2.793
Small lab,277,1,0.942
Small lab,277,2,1.901
Small lab,277,3,2.815
Small lab,278,1,0.873
Small lab,278,2,1.8
Small lab,278,3,2.768
Small lab,279,1,0.952
Small lab,279,2,1.93
Small lab,279,3,2.825
Small lab,280,1,0.962
Small lab,280,2,1.89
Small lab,280,3,2.873
Small lab,281,1,0.909
Small lab,281,2,1.796
Small lab,281,3,2.71
Small lab,282,1,0.843
Small lab,282,2,1.792
Small lab,282,3,2.726
Small lab,283,1,0.899
Small lab,283,2,1.847
Small lab,283,3,2.766
Small lab,284,1,0.922
Small lab,284,2,1.852
Small lab,284,3,2.729
Small lab,285,1,0.926
Small lab,285,2,1.85
Small lab,285,3,2.839
Small lab,286,1,0.95
Small lab,286,2,1.861
Small lab,286,3,2.804
Small lab,287,1,0.925
Small lab,287,2,1.886
Small lab,287,3,2.774
Small lab,288,1,0.915
Small lab,288,2,1.85
Small lab,288,3,2.843
Small lab,289,1,0.975
Small lab,289,2,1.964
Small lab,289,3,2.896
Small lab,290,1,0.91
Small lab,290,2,1.866
Small lab,290,3,2.8
Small lab,291,1,0.972
Small lab,291,2,1.939
Small lab,291,3,2.845
Small lab,292,1,0.93
Small lab,292,2,1.901
Small lab,292,3,2.85
Small lab,293,1,0.938
Small lab,293,2,1.873
Small lab,293,3,2.855
Small lab,294,1,0.954
Small lab,294,2,1.981
Small lab,294,3,2.953
Small lab,295,1,0.952
Small lab,295,2,1.962
Small lab,295,3,2.876
Small lab,296,1,0.931
Small lab,296,2,1.928
Small lab,296,3,2.879
Small lab,297,1,0.954
Small lab,297,2,1.957
Small lab,297,3,2.887
Small lab,298,1,0.871
Small lab,298,2,1.866
Small lab,298,3,2.802
Small lab,299,1,0.916
Small lab,299,2,1.903
Small lab,299,3,2.847
Small lab,300,1,0.884
Small lab,300,2,1.833
Small lab,300,3,2.804
Small lab,301,1,0.904
Small lab,301,2,1.863
Small lab,301,3,2.774
Small lab,302,1,0.942
Small lab,302,2,1.881
Small lab,302,3,2.785
Small lab,303,1,0.922
Small lab,303,2,1.892
Small lab,303,3,2.809
Small lab,304,1,0.935
Small lab,304,2,1.92
Small lab,304,3,2.84
Small lab,305,1,0.922
Small lab,305,2,1.809
Small lab,305,3,2.743
Small lab,306,1,0.931
Small lab,306,2,1.855
Small lab,306,3,2.83
Small lab,307,1,0.879
Small lab,307,2,1.809
Small lab,307,3,2.766
Small lab,308,1,0.932
Small lab,308,2,1.878
Small lab,308,3,2.764
Small lab,309,1,0.963
Small lab,309,2,1.899
Small lab,309,3,2.774
Small lab,310,1,0.963
Small lab,310,2,1.91
Small lab,310,3,2.84
Small lab,311,1,0.944
Small lab,311,2,1.909
Small lab,311,3,2.893
Small lab,312,1,0.969
Small lab,312,2,1.925
Small lab,312,3,2.832
Small lab,313,1,0.95
Small lab,313,2,1.928
Small lab,313,3,2.907
Small lab,314,1,0.883
Small lab,314,2,1.774
Small lab,314,3,2.712
Small lab,315,1,0.901
Small lab,315,2,1.798
Small lab,315,3,2.75
Small lab,316,1,0.969
Small lab,316,2,1.929
Small lab,316,3,2.827
Small lab,317,1,0.92
Small lab,317,2,1.85
Small lab,317,3,2.788
Small lab,318,1,0.94
Small lab,318,2,1.924
Small lab,318,3,2.85
Small lab,319,1,0.983
Small lab,319,2,1.932
Small lab,319,3,2.931
Small lab,320,1,0.972
Small lab,320,2,1.929
Small lab,320,3,2.893
Small lab,321,1,0.906
Small lab,321,2,1.888
Small lab,321,3,2.837
Small lab,322,1,0.897
Small lab,322,2,1.809
Small lab,322,3,2.7
Small lab,323,1,0.953
Small lab,323,2,1.889
Small lab,323,3,2.844
Small lab,324,1,0.887
Small lab,324,2,1.85
Small lab,324,3,2.803
Small lab,325,1,0.944
Small lab,325,2,1.856
Small lab,325,3,2.778
Small lab,326,1,0.919
Small lab,326,2,1.818
Small lab,326,3,2.791
Small lab,327,1,0.965
Small lab,327,2,1.884
Small lab,327,3,2.844
Small lab,328,1,0.931
Small lab,328,2,1.833
Small lab,328,3,2.825
Small lab,329,1,0.948
Small lab,329,2,1.873
Small lab,329,3,2.884
Small lab,330,1,0.934
Small lab,330,2,1.856
Small lab,330,3,2.794
Small lab,331,1,1.002
Small lab,331,2,1.93
Small lab,331,3,2.835
Small lab,332,1,0.974
Small lab,332,2,1.925
Small lab,332,3,2.879
Small lab,333,1,0.954
Small lab,333,2,1.911
Small lab,333,3,2.846
Small lab,334,1,0.954
Small lab,334,2,1.851
Small lab,334,3,2.84
Small lab,335,1,0.934
Small lab,335,2,1.859
Small lab,335,3,2.785
Small lab,336,1,0.943
Small lab,336,2,1.831
Small lab,336,3,2.78
Small lab,337,1,0.899
Small lab,337,2,1.894
Small lab,337,3,2.781
Small lab,338,1,0.962
Small lab,338,2,1.929
Small lab,338,3,2.864
Small lab,339,1,0.936
Small lab,339,2,1.873
Small lab,339,3,2.808
Small lab,340,1,0.942
Small lab,340,2,1.864
Small lab,340,3,2.757
Small lab,341,1,0.919
Small lab,341,2,1.84
Small lab,341,3,2.815
Small lab,342,1,0.934
Small lab,342,2,1.845
Small lab,342,3,2.787
Small lab,343,1,0.966
Small lab,343,2,1.895
Small lab,343,3,2.81
Small lab,344,1,0.93
Small lab,344,2,1.915
Small lab,344,3,2.873
Small lab,345,1,0.896
Small lab,345,2,1.848
Small lab,345,3,2.806
Small lab,346,1,0.993
Small lab,346,2,1.94
Small lab,346,3,2.847
Small lab,347,1,0.941
Small lab,347,2,1.888
Small lab,347,3,2.861
Small lab,348,1,0.884
Small lab,348,2,1.833
Small lab,348,3,2.772
Small lab,349,1,0.914
Small lab,349,2,1.868
Small lab,349,3,2.802
Small lab,350,1,0.935
Small lab,350,2,1.86
Small lab,350,3,2.775
Small lab,351,1,0.962
Small lab,351,2,1.89
Small lab,351,3,2.777
Small lab,352,1,0.977
Small lab,352,2,1.978
Small lab,352,3,2.946
Small lab,353,1,0.928
Small lab,353,2,1.87
Small lab,353,3,2.807
Small lab,354,1,0.823
Small lab,354,2,1.703
Small lab,354,3,2.688
Small lab,355,1,0.935
Small lab,355,2,1.879
Small lab,355,3,2.862
Small lab,356,1,0.96
Small lab,356,2,1.919
Small lab,356,3,2.876
Small lab,357,1,0.938
Small lab,357,2,1.877
Small lab,357,3,2.796
Small lab,358,1,0.917
Small lab,358,2,1.852
Small lab,358,3,2.754
Small lab,359,1,0.901
Small lab,359,2,1.854
Small lab,359,3,2.817
Small lab,360,1,0.974
Small lab,360,2,1.893
Small lab,360,3,2.796
Small lab,361,1,0.928
Small lab,361,2,1.856
Small lab,361,3,2.806
Small lab,362,1,0.958
Small lab,362,2,1.863
Small lab,362,3,2.786
Small lab,363,1,0.939
Small lab,363,2,1.889
Small lab,363,3,2.865
Small lab,364,1,0.916
Small lab,364,2,1.87
Small lab,364,3,2.797
Small lab,365,1,0.936
Small lab,365,2,1.853
Small lab,365,3,2.788
Small lab,366,1,0.954
Small lab,366,2,1.869
Small lab,366,3,2.792
Small lab,367,1,0.944
Small lab,367,2,1.854
Small lab,367,3,2.778
Small lab,368,1,0.966
Small lab,368,2,1.911
Small lab,368,3,2.84
Small lab,369,1,0.899
Small lab,369,2,1.783
Small lab,369,3,2.724
Small lab,370,1,0.928
Small lab,370,2,1.924
Small lab,370,3,2.827
Small lab,371,1,0.947
Small lab,371,2,1.878
Small lab,371,3,2.801
Small lab,372,1,0.896
Small lab,372,2,1.812
Small lab,372,3,2.733
Small lab,373,1,0.937
Small lab,373,2,1.904
Small lab,373,3,2.88
Small lab,374,1,0.982
Small lab,374,2,1.919
Small lab,374,3,2.856
Small lab,375,1,0.978
Small lab,375,2,1.932
Small lab,375,3,2.851
Small lab,376,1,0.933
Small lab,376,2,1.827
Small lab,376,3,2.76
Small lab,377,1,0.928
Small lab,377,2,1.883
Small lab,377,3,2.79
Small lab,378,1,0.923
Small lab,378,2,1.884
Small lab,378,3,2.878
Small lab,379,1,0.943
Small lab,379,2,1.89
Small lab,379,3,2.839
Small lab,380,1,0.908
Small lab,380,2,1.841
Small lab,380,3,2.774
Small lab,381,1,0.923
Small lab,381,2,1.854
Small lab,381,3,2.795
Small lab,382,1,0.905
Small lab,382,2,1.893
Small lab,382,3,2.853
Small lab,383,1,0.953
Small lab,383,2,1.889
Small lab,383,3,2.8
Small lab,384,1,0.89
Small lab,384,2,1.875
Small lab,384,3,2.868
Small lab,385,1,0.975
Small lab,385,2,1.896
Small lab,385,3,2.796
Small lab,386,1,0.957
Small lab,386,2,1.872
Small lab,386,3,2.808
Small lab,387,1,0.964
Small lab,387,2,1.94
Small lab,387,3,2.88
Small lab,388,1,0.955
Small lab,388,2,1.932
Small lab,388,3,2.855
Small lab,389,1,0.942
Small lab,389,2,1.888
Small lab,389,3,2.797
Small lab,390,1,0.99
Small lab,390,2,1.919
Small lab,390,3,2.851
Small lab,391,1,0.997
Small lab,391,2,1.923
Small lab,391,3,2.87
Small lab,392,1,0.945
Small lab,392,2,1.833
Small lab,392,3,2.74
Small lab,393,1,0.94
Small lab,393,2,1.847
Small lab,393,3,2.83
Small lab,394,1,0.925
Small lab,394,2,1.861
Small lab,394,3,2.782
Small lab,395,1,0.951
Small lab,395,2,1.944
Small lab,395,3,2.855
Small lab,396,1,0.889
Small lab,396,2,1.819
Small lab,396,3,2.731
Small lab,397,1,0.9
Small lab,397,2,1.77
Small lab,397,3,2.717
Small lab,398,1,0.953
Small lab,398,2,1.912
Small lab,398,3,2.85
Small lab,399,1,0.925
Small lab,399,2,1.837
Small lab,399,3,2.815
Small lab,400,1,0.933
Small lab,400,2,1.875
Small lab,400,3,2.819
Small lab,401,1,0.94
Small lab,401,2,1.881
Small lab,401,3,2.806
Small lab,402,1,0.936
Small lab,402,2,1.879
Small lab,402,3,2.884
Small lab,403,1,0.927
Small lab,403,2,1.844
Small lab,403,3,2.77
Small lab,404,1,0.891
Small lab,404,2,1.847
Small lab,404,3,2.807
Small lab,405,1,0.934
Small lab,405,2,1.898
Small lab,405,3,2.796
Small lab,406,1,0.879
Small lab,406,2,1.832
Small lab,406,3,2.777
Small lab,407,1,0.93
Small lab,407,2,1.899
Small lab,407,3,2.837
Small lab,408,1,0.973
Small lab,408,2,1.836
Small lab,408,3,2.788
Small lab,409,1,0.929
Small lab,409,2,1.816
Small lab,409,3,2.711
Small lab,410,1,0.957
Small lab,410,2,1.878
Small lab,410,3,2.831
Small lab,411,1,0.877
Small lab,411,2,1.846
Small lab,411,3,2.765
Small lab,412,1,0.898
Small lab,412,2,1.837
Small lab,412,3,2.749
Small lab,413,1,1.005
Small lab,413,2,2.007
Small lab,413,3,2.952
Small lab,414,1,0.941
Small lab,414,2,1.873
Small lab,414,3,2.786
Small lab,415,1,0.957
Small lab,415,2,1.916
Small lab,415,3,2.879
Small lab,416,1,0.981
Small lab,416,2,1.905
Small lab,416,3,2.832
Small lab,417,1,0.917
Small lab,417,2,1.88
Small lab,417,3,2.824
Small lab,418,1,0.922
Small lab,418,2,1.862
Small lab,418,3,2.83
Small lab,419,1,0.981
Small lab,419,2,1.92
Small lab,419,3,2.831
Small lab,420,1,0.913
Small lab,420,2,1.856
Small lab,420,3,2.776
Small lab,421,1,0.963
Small lab,421,2,1.918
Small lab,421,3,2.833
Small lab,422,1,0.924
Small lab,422,2,1.848
Small lab,422,3,2.8
Small lab,423,1,0.904
Small lab,423,2,1.849
Small lab,423,3,2.815
Small lab,424,1,0.94
Small lab,424,2,1.969
Small lab,424,3,2.948
Small lab,425,1,0.925
Small lab,425,2,1.842
Small lab,425,3,2.774
Small lab,426,1,0.958
Small lab,426,2,1.894
Small lab,426,3,2.831
Small lab,427,1,0.906
Small lab,427,2,1.816
Small lab,427,3,2.71
Small lab,428,1,0.927
Small lab,428,2,1.874
Small lab,428,3,2.794
Small lab,429,1,0.925
Small lab,429,2,1.897
Small lab,429,3,2.835
Small lab,430,1,0.928
Small lab,430,2,1.868
Small lab,430,3,2.796
Small lab,431,1,0.933
Small lab,431,2,1.9
Small lab,431,3,2.854
Small lab,432,1,0.979
Small lab,432,2,1.915
Small lab,432,3,2.862
Small lab,433,1,0.989
Small lab,433,2,1.913
Small lab,433,3,2.902
Small lab,434,1,0.898
Small lab,434,2,1.859
Small lab,434,3,2.78
Small lab,435,1,0.874
Small lab,435,2,1.779
Small lab,435,3,2.727
Small lab,436,1,0.983
Small lab,436,2,1.87
Small lab,436,3,2.793
Small lab,437,1,0.956
Small lab,437,2,1.903
Small lab,437,3,2.772
Small lab,438,1,0.923
Small lab,438,2,1.903
Small lab,438,3,2.826
Small lab,439,1,0.951
Small lab,439,2,1.829
Small lab,439,3,2.786
Small lab,440,1,0.952
Small lab,440,2,1.885
Small lab,440,3,2.818
Small lab,441,1,0.925
Small lab,441,2,1.845
Small lab,441,3,2.763
Small lab,442,1,0.951
Small lab,442,2,1.902
Small lab,442,3,2.844
Small lab,443,1,0.94
Small lab,443,2,1.891
Small lab,443,3,2.849
Small lab,444,1,0.893
Small lab,444,2,1.786
Small lab,444,3,2.743
Small lab,445,1,0.905
Small lab,445,2,1.816
Small lab,445,3,2.806
Small lab,446,1,0.95
Small lab,446,2,1.853
Small lab,446,3,2.765
Small lab,447,1,0.966
Small lab,447,2,1.892
Small lab,447,3,2.827
Small lab,448,1,1.015
Small lab,448,2,1.932
Small lab,448,3,2.821
Small lab,449,1,0.897
Small lab,449,2,1.807
Small lab,449,3,2.765
Small lab,450,1,0.936
Small lab,450,2,1.868
Small lab,450,3,2.77
Small lab,451,1,0.931
Small lab,451,2,1.866
Small lab,451,3,2.779
Small lab,452,1,0.924
Small lab,452,2,1.847
Small lab,452,3,2.85
Small lab,453,1,0.956
Small lab,453,2,1.888
Small lab,453,3,2.788
Small lab,454,1,0.943
Small lab,454,2,1.888
Small lab,454,3,2.825
Small lab,455,1,0.895
Small lab,455,2,1.803
Small lab,455,3,2.708
Small lab,456,1,0.943
Small lab,456,2,1.856
Small lab,456,3,2.79
Small lab,457,1,0.979
Small lab,457,2,1.869
Small lab,457,3,2.828
Small lab,458,1,0.938
Small lab,458,2,1.853
Small lab,458,3,2.748
Small lab,459,1,0.869
Small lab,459,2,1.864
Small lab,459,3,2.756
Small lab,460,1,0.992
Small lab,460,2,1.857
Small lab,460,3,2.771
Small lab,461,1,0.908
Small lab,461,2,1.805
Small lab,461,3,2.754
Small lab,462,1,0.966
Small lab,462,2,1.887
Small lab,462,3,2.817
Small lab,463,1,0.927
Small lab,463,2,1.879
Small lab,463,3,2.823
Small lab,464,1,0.906
Small lab,464,2,1.88
Small lab,464,3,2.789
Small lab,465,1,0.939
Small lab,465,2,1.895
Small lab,465,3,2.771
Small lab,466,1,0.916
Small lab,466,2,1.867
Small lab,466,3,2.806
Small lab,467,1,0.901
Small lab,467,2,1.825
Small lab,467,3,2.717
Small lab,468,1,0.939
Small lab,468,2,1.926
Small lab,468,3,2.847
Small lab,469,1,0.97
Small lab,469,2,1.912
Small lab,469,3,2.808
Small lab,470,1,0.888
Small lab,470,2,1.847
Small lab,470,3,2.823
Small lab,471,1,0.904
Small lab,471,2,1.828
Small lab,471,3,2.744
Small lab,472,1,0.958
Small lab,472,2,1.895
Small lab,472,3,2.855
Small lab,473,1,0.913
Small lab,473,2,1.857
Small lab,473,3,2.795
Small lab,474,1,0.957
Small lab,474,2,1.935
Small lab,474,3,2.855
Small lab,475,1,0.934
Small lab,475,2,1.849
Small lab,475,3,2.778
Small lab,476,1,0.984
Small lab,476,2,1.91
Small lab,476,3,2.834
Small lab,477,1,0.891
Small lab,477,2,1.819
Small lab,477,3,2.719
Small lab,478,1,0.904
Small lab,478,2,1.81
Small lab,478,3,2.775
Small lab,479,1,0.908
Small lab,479,2,1.877
Small lab,479,3,2.778
Small lab,480,1,0.91
Small lab,480,2,1.858
Small lab,480,3,2.751
Small lab,481,1,0.887
Small lab,481,2,1.817
Small lab,481,3,2.709
Small lab,482,1,0.935
Small lab,482,2,1.811
Small lab,482,3,2.747
Small lab,483,1,0.991
Small lab,483,2,1.937
Small lab,483,3,2.857
Small lab,484,1,0.975
Small lab,484,2,1.881
Small lab,484,3,2.811
Small lab,485,1,0.976
Small lab,485,2,1.902
Small lab,485,3,2.787
Small lab,486,1,0.906
Small lab,486,2,1.856
Small lab,486,3,2.824
Small lab,487,1,0.958
Small lab,487,2,1.917
Small lab,487,3,2.825
Small lab,488,1,0.945
Small lab,488,2,1.885
Small lab,488,3,2.826
Small lab,489,1,0.973
Small lab,489,2,1.93
Small lab,489,3,2.838
Small lab,490,1,0.937
Small lab,490,2,1.872
Small lab,490,3,2.81
Small lab,491,1,0.908
Small lab,491,2,1.838
Small lab,491,3,2.795
Small lab,492,1,0.913
Small lab,492,2,1.916
Small lab,492,3,2.912
Small lab,493,1,0.929
Small lab,493,2,1.891
Small lab,493,3,2.785
Small lab,494,1,0.904
Small lab,494,2,1.841
Small lab,494,3,2.714
Small lab,495,1,0.967
Small lab,495,2,1.932
Small lab,495,3,2.861
Small lab,496,1,0.909
Small lab,496,2,1.841
Small lab,496,3,2.825
Small lab,497,1,0.978
Small lab,497,2,1.863
Small lab,497,3,2.84
Small lab,498,1,0.987
Small lab,498,2,1.96
Small lab,498,3,2.89
Small lab,499,1,0.972
Small lab,499,2,1.895
Small lab,499,3,2.822
Medium lecture,0,1,1.758
Medium lecture,0,2,3.515
Medium lecture,0,3,5.385
Medium lecture,1,1,1.806
Medium lecture,1,2,3.647
Medium lecture,1,3,5.471
Medium lecture,2,1,1.876
Medium lecture,2,2,3.777
Medium lecture,2,3,5.554
Medium lecture,3,1,1.785
Medium lecture,3,2,3.645
Medium lecture,3,3,5.49
Medium lecture,4,1,1.834
Medium lecture,4,2,3.603
Medium lecture,4,3,5.422
Medium lecture,5,1,1.815
Medium lecture,5,2,3.633
Medium lecture,5,3,5.483
Medium lecture,6,1,1.779
Medium lecture,6,2,3.583
Medium lecture,6,3,5.404
Medium lecture,7,1,1.827
Medium lecture,7,2,3.68
Medium lecture,7,3,5.459
Medium lecture,8,1,1.88
Medium lecture,8,2,3.689
Medium lecture,8,3,5.501
Medium lecture,9,1,1.889
Medium lecture,9,2,3.776
Medium lecture,9,3,5.584
Medium lecture,10,1,1.842
Medium lecture,10,2,3.715
Medium lecture,10,3,5.556
Medium lecture,11,1,1.782
Medium lecture,11,2,3.588
Medium lecture,11,3,5.484
Medium lecture,12,1,1.817
Medium lecture,12,2,3.699
Medium lecture,12,3,5.517
Medium lecture,13,1,1.82
Medium lecture,13,2,3.686
Medium lecture,13,3,5.477
Medium lecture,14,1,1.842
Medium lecture,14,2,3.663
Medium lecture,14,3,5.51
Medium lecture,15,1,1.788
Medium lecture,15,2,3.602
Medium lecture,15,3,5.465
Medium lecture,16,1,1.847
Medium lecture,16,2,3.651
Medium lecture,16,3,5.51
Medium lecture,17,1,1.749
Medium lecture,17,2,3.522
Medium lecture,17,3,5.362
Medium lecture,18,1,1.776
Medium lecture,18,2,3.548
Medium lecture,18,3,5.396
Medium lecture,19,1,1.867
Medium lecture,19,2,3.701
Medium lecture,19,3,5.525
Medium lecture,20,1,1.844
Medium lecture,20,2,3.655
Medium lecture,20,3,5.546
Medium lecture,21,1,1.821
Medium lecture,21,2,3.622
Medium lecture,21,3,5.472
Medium lecture,22,1,1.847
Medium lecture,22,2,3.706
Medium lecture,22,3,5.573
Medium lecture,23,1,1.77
Medium lecture,23,2,3.6
Medium lecture,23,3,5.355
Medium lecture,24,1,1.82
Medium lecture,24,2,3.653
Medium lecture,24,3,5.437
Medium lecture,25,1,1.785
Medium lecture,25,2,3.534
Medium lecture,25,3,5.264
Medium lecture,26,1,1.846
Medium lecture,26,2,3.64
Medium lecture,26,3,5.378
Medium lecture,27,1,1.831
Medium lecture,27,2,3.619
Medium lecture,27,3,5.471
Medium lecture,28,1,1.783
Medium lecture,28,2,3.624
Medium lecture,28,3,5.45
Medium lecture,29,1,1.878
Medium lecture,29,2,3.731
Medium lecture,29,3,5.583
Medium lecture,30,1,1.843
Medium lecture,30,2,3.747
Medium lecture,30,3,5.568
Medium lecture,31,1,1.835
Medium lecture,31,2,3.721
Medium lecture,31,3,5.589
Medium lecture,32,1,1.847
Medium lecture,32,2,3.682
Medium lecture,32,3,5.487
Medium lecture,33,1,1.808
Medium lecture,33,2,3.583
Medium lecture,33,3,5.461
Medium lecture,34,1,1.798
Medium lecture,34,2,3.542
Medium lecture,34,3,5.402
Medium lecture,35,1,1.818
Medium lecture,35,2,3.627
Medium lecture,35,3,5.49
Medium lecture,36,1,1.764
Medium lecture,36,2,3.556
Medium lecture,36,3,5.38
Medium lecture,37,1,1.831
Medium lecture,37,2,3.696
Medium lecture,37,3,5.536
Medium lecture,38,1,1.853
Medium lecture,38,2,3.73
Medium lecture,38,3,5.639
Medium lecture,39,1,1.837
Medium lecture,39,2,3.657
Medium lecture,39,3,5.491
Medium lecture,40,1,1.851
Medium lecture,40,2,3.629
Medium lecture,40,3,5.496
Medium lecture,41,1,1.818
Medium lecture,41,2,3.677
Medium lecture,41,3,5.432
Medium lecture,42,1,1.891
Medium lecture,42,2,3.687
Medium lecture,42,3,5.488
Medium lecture,43,1,1.848
Medium lecture,43,2,3.69
Medium lecture,43,3,5.48
Medium lecture,44,1,1.808
Medium lecture,44,2,3.577
Medium lecture,44,3,5.327
Medium lecture,45,1,1.777
Medium lecture,45,2,3.549
Medium lecture,45,3,5.415
Medium lecture,46,1,1.818
Medium lecture,46,2,3.587
Medium lecture,46,3,5.446
Medium lecture,47,1,1.888
Medium lecture,47,2,3.664
Medium lecture,47,3,5.457
Medium lecture,48,1,1.829
Medium lecture,48,2,3.618
Medium lecture,48,3,5.366
Medium lecture,49,1,1.791
Medium lecture,49,2,3.589
Medium lecture,49,3,5.443
Medium lecture,50,1,1.78
Medium lecture,50,2,3.59
Medium lecture,50,3,5.417
Medium lecture,51,1,1.815
Medium lecture,51,2,3.59
Medium lecture,51,3,5.398
Medium lecture,52,1,1.78
Medium lecture,52,2,3.652
Medium lecture,52,3,5.494
Medium lecture,53,1,1.824
Medium lecture,53,2,3.594
Medium lecture,53,3,5.406
Medium lecture,54,1,1.848
Medium lecture,54,2,3.723
Medium lecture,54,3,5.498
Medium lecture,55,1,1.821
Medium lecture,55,2,3.598
Medium lecture,55,3,5.427
Medium lecture,56,1,1.876
Medium lecture,56,2,3.65
Medium lecture,56,3,5.488
Medium lecture,57,1,1.818
Medium lecture,57,2,3.624
Medium lecture,57,3,5.361
Medium lecture,58,1,1.813
Medium lecture,58,2,3.731
Medium lecture,58,3,5.597
Medium lecture,59,1,1.75
Medium lecture,59,2,3.606
Medium lecture,59,3,5.436
Medium lecture,60,1,1.783
Medium lecture,60,2,3.645
Medium lecture,60,3,5.525
Medium lecture,61,1,1.788
Medium lecture,61,2,3.597
Medium lecture,61,3,5.421
Medium lecture,62,1,1.814
Medium lecture,62,2,3.606
Medium lecture,62,3,5.489
Medium lecture,63,1,1.862
Medium lecture,63,2,3.69
Medium lecture,63,3,5.481
Medium lecture,64,1,1.752
Medium lecture,64,2,3.605
Medium lecture,64,3,5.37
Medium lecture,65,1,1.77
Medium lecture,65,2,3.603
Medium lecture,65,3,5.409
Medium lecture,66,1,1.814
Medium lecture,66,2,3.573
Medium lecture,66,3,5.409
Medium lecture,67,1,1.783
Medium lecture,67,2,3.543
Medium lecture,67,3,5.321
Medium lecture,68,1,1.849
Medium lecture,68,2,3.69
Medium lecture,68,3,5.432
Medium lecture,69,1,1.748
Medium lecture,69,2,3.633
Medium lecture,69,3,5.386
Medium lecture,70,1,1.831
Medium lecture,70,2,3.635
Medium lecture,70,3,5.505
Medium lecture,71,1,1.862
Medium lecture,71,2,3.665
Medium lecture,71,3,5.501
Medium lecture,72,1,1.804
Medium lecture,72,2,3.651
Medium lecture,72,3,5.471
Medium lecture,73,1,1.866
Medium lecture,73,2,3.719
Medium lecture,73,3,5.481
Medium lecture,74,1,1.825
Medium lecture,74,2,3.687
Medium lecture,74,3,5.503
Medium lecture,75,1,1.885
Medium lecture,75,2,3.695
Medium lecture,75,3,5.501
Medium lecture,76,1,1.827
Medium lecture,76,2,3.65
Medium lecture,76,3,5.457
Medium lecture,77,1,1.754
Medium lecture,77,2,3.455
Medium lecture,77,3,5.316
Medium lecture,78,1,1.76
Medium lecture,78,2,3.58
Medium lecture,78,3,5.434
Medium lecture,79,1,1.781
Medium lecture,79,2,3.606
Medium lecture,79,3,5.368
Medium lecture,80,1,1.856
Medium lecture,80,2,3.682
Medium lecture,80,3,5.511
Medium lecture,81,1,1.804
Medium lecture,81,2,3.605
Medium lecture,81,3,5.477
Medium lecture,82,1,1.915
Medium lecture,82,2,3.748
Medium lecture,82,3,5.563
Medium lecture,83,1,1.857
Medium lecture,83,2,3.785
Medium lecture,83,3,5.525
Medium lecture,84,1,1.831
Medium lecture,84,2,3.631
Medium lecture,84,3,5.41
Medium lecture,85,1,1.809
Medium lecture,85,2,3.666
Medium lecture,85,3,5.536
Medium lecture,86,1,1.863
Medium lecture,86,2,3.686
Medium lecture,86,3,5.431
Medium lecture,87,1,1.827
Medium lecture,87,2,3.671
Medium lecture,87,3,5.461
Medium lecture,88,1,1.877
Medium lecture,88,2,3.685
Medium lecture,88,3,5.6
Medium lecture,89,1,1.772
Medium lecture,89,2,3.567
Medium lecture,89,3,5.335
Medium lecture,90,1,1.774
Medium lecture,90,2,3.594
Medium lecture,90,3,5.463
Medium lecture,91,1,1.737
Medium lecture,91,2,3.564
Medium lecture,91,3,5.45
Medium lecture,92,1,1.791
Medium lecture,92,2,3.582
Medium lecture,92,3,5.388
Medium lecture,93,1,1.795
Medium lecture,93,2,3.552
Medium lecture,93,3,5.373
Medium lecture,94,1,1.825
Medium lecture,94,2,3.658
Medium lecture,94,3,5.406
Medium lecture,95,1,1.726
Medium lecture,95,2,3.511
Medium lecture,95,3,5.449
Medium lecture,96,1,1.885
Medium lecture,96,2,3.682
Medium lecture,96,3,5.505
Medium lecture,97,1,1.795
Medium lecture,97,2,3.673
Medium lecture,97,3,5.491
Medium lecture,98,1,1.857
Medium lecture,98,2,3.683
Medium lecture,98,3,5.505
Medium lecture,99,1,1.816
Medium lecture,99,2,3.622
Medium lecture,99,3,5.592
Medium lecture,100,1,1.805
Medium lecture,100,2,3.619
Medium lecture,100,3,5.434
Medium lecture,101,1,1.876
Medium lecture,101,2,3.646
Medium lecture,101,3,5.47
Medium lecture,102,1,1.876
Medium lecture,102,2,3.809
Medium lecture,102,3,5.646
Medium lecture,103,1,1.802
Medium lecture,103,2,3.545
Medium lecture,103,3,5.38
Medium lecture,104,1,1.731
Medium lecture,104,2,3.532
Medium lecture,104,3,5.335
Medium lecture,105,1,1.797
Medium lecture,105,2,3.643
Medium lecture,105,3,5.461
Medium lecture,106,1,1.81
Medium lecture,106,2,3.603
Medium lecture,106,3,5.411
Medium lecture,107,1,1.8
Medium lecture,107,2,3.626
Medium lecture,107,3,5.415
Medium lecture,108,1,1.743
Medium lecture,108,2,3.551
Medium lecture,108,3,5.398
Medium lecture,109,1,1.775
Medium lecture,109,2,3.529
Medium lecture,109,3,5.333
Medium lecture,110,1,1.836
Medium lecture,110,2,3.64
Medium lecture,110,3,5.46
Medium lecture,111,1,1.832
Medium lecture,111,2,3.702
Medium lecture,111,3,5.477
Medium lecture,112,1,1.791
Medium lecture,112,2,3.633
Medium lecture,112,3,5.463
Medium lecture,113,1,1.828
Medium lecture,113,2,3.625
Medium lecture,113,3,5.531
Medium lecture,114,1,1.854
Medium lecture,114,2,3.636
Medium lecture,114,3,5.41
Medium lecture,115,1,1.87
Medium lecture,115,2,3.75
Medium lecture,115,3,5.566
Medium lecture,116,1,1.839
Medium lecture,116,2,3.667
Medium lecture,116,3,5.498
Medium lecture,117,1,1.761
Medium lecture,117,2,3.555
Medium lecture,117,3,5.406
Medium lecture,118,1,1.79
Medium lecture,118,2,3.644
Medium lecture,118,3,5.421
Medium lecture,119,1,1.859
Medium lecture,119,2,3.687
Medium lecture,119,3,5.499
Medium lecture,120,1,1.78
Medium lecture,120,2,3.702
Medium lecture,120,3,5.563
Medium lecture,121,1,1.815
Medium lecture,121,2,3.634
Medium lecture,121,3,5.489
Medium lecture,122,1,1.795
Medium lecture,122,2,3.604
Medium lecture,122,3,5.489
Medium lecture,123,1,1.724
Medium lecture,123,2,3.547
Medium lecture,123,3,5.375
Medium lecture,124,1,1.775
Medium lecture,124,2,3.697
Medium lecture,124,3,5.506
Medium lecture,125,1,1.86
Medium lecture,125,2,3.617
Medium lecture,125,3,5.457
Medium lecture,126,1,1.826
Medium lecture,126,2,3.695
Medium lecture,126,3,5.501
Medium lecture,127,1,1.828
Medium lecture,127,2,3.677
Medium lecture,127,3,5.544
Medium lecture,128,1,1.836
Medium lecture,128,2,3.668
Medium lecture,128,3,5.551
Medium lecture,129,1,1.858
Medium lecture,129,2,3.738
Medium lecture,129,3,5.484
Medium lecture,130,1,1.813
Medium lecture,130,2,3.59
Medium lecture,130,3,5.355
Medium lecture,131,1,1.879
Medium lecture,131,2,3.64
Medium lecture,131,3,5.456
Medium lecture,132,1,1.819
Medium lecture,132,2,3.647
Medium lecture,132,3,5.449
Medium lecture,133,1,1.828
Medium lecture,133,2,3.637
Medium lecture,133,3,5.446
Medium lecture,134,1,1.872
Medium lecture,134,2,3.684
Medium lecture,134,3,5.449
Medium lecture,135,1,1.79
Medium lecture,135,2,3.598
Medium lecture,135,3,5.451
Medium lecture,136,1,1.915
Medium lecture,136,2,3.714
Medium lecture,136,3,5.562
Medium lecture,137,1,1.839
Medium lecture,137,2,3.661
Medium lecture,137,3,5.473
Medium lecture,138,1,1.831
Medium lecture,138,2,3.678
Medium lecture,138,3,5.534
Medium lecture,139,1,1.779
Medium lecture,139,2,3.578
Medium lecture,139,3,5.435
Medium lecture,140,1,1.818
Medium lecture,140,2,3.653
Medium lecture,140,3,5.558
Medium lecture,141,1,1.825
Medium lecture,141,2,3.693
Medium lecture,141,3,5.468
Medium lecture,142,1,1.864
Medium lecture,142,2,3.734
Medium lecture,142,3,5.545
Medium lecture,143,1,1.817
Medium lecture,143,2,3.649
Medium lecture,143,3,5.465
Medium lecture,144,1,1.892
Medium lecture,144,2,3.721
Medium lecture,144,3,5.47
Medium lecture,145,1,1.795
Medium lecture,145,2,3.634
Medium lecture,145,3,5.387
Medium lecture,146,1,1.898
Medium lecture,146,2,3.709
Medium lecture,146,3,5.563
Medium lecture,147,1,1.757
Medium lecture,147,2,3.525
Medium lecture,147,3,5.303
Medium lecture,148,1,1.849
Medium lecture,148,2,3.606
Medium lecture,148,3,5.467
Medium lecture,149,1,1.884
Medium lecture,149,2,3.653
Medium lecture,149,3,5.471
Medium lecture,150,1,1.788
Medium lecture,150,2,3.629
Medium lecture,150,3,5.428
Medium lecture,151,1,1.811
Medium lecture,151,2,3.641
Medium lecture,151,3,5.566
Medium lecture,152,1,1.786
Medium lecture,152,2,3.658
Medium lecture,152,3,5.52
Medium lecture,153,1,1.837
Medium lecture,153,2,3.653
Medium lecture,153,3,5.539
Medium lecture,154,1,1.793
Medium lecture,154,2,3.636
Medium lecture,154,3,5.402
Medium lecture,155,1,1.81
Medium lecture,155,2,3.663
Medium lecture,155,3,5.548
Medium lecture,156,1,1.883
Medium lecture,156,2,3.784
Medium lecture,156,3,5.645
Medium lecture,157,1,1.827
Medium lecture,157,2,3.671
Medium lecture,157,3,5.483
Medium lecture,158,1,1.727
Medium lecture,158,2,3.677
Medium lecture,158,3,5.575
Medium lecture,159,1,1.765
Medium lecture,159,2,3.681
Medium lecture,159,3,5.464
Medium lecture,160,1,1.774
Medium lecture,160,2,3.597
Medium lecture,160,3,5.459
Medium lecture,161,1,1.866
Medium lecture,161,2,3.669
Medium lecture,161,3,5.495
Medium lecture,162,1,1.759
Medium lecture,162,2,3.612
Medium lecture,162,3,5.353
Medium lecture,163,1,1.78
Medium lecture,163,2,3.605
Medium lecture,163,3,5.403
Medium lecture,164,1,1.939
Medium lecture,164,2,3.74
Medium lecture,164,3,5.573
Medium lecture,165,1,1.796
Medium lecture,165,2,3.62
Medium lecture,165,3,5.458
Medium lecture,166,1,1.825
Medium lecture,166,2,3.608
Medium lecture,166,3,5.454
Medium lecture,167,1,1.842
Medium lecture,167,2,3.693
Medium lecture,167,3,5.492
Medium lecture,168,1,1.827
Medium lecture,168,2,3.583
Medium lecture,168,3,5.401
Medium lecture,169,1,1.73
Medium lecture,169,2,3.602
Medium lecture,169,3,5.45
Medium lecture,170,1,1.82
Medium lecture,170,2,3.688
Medium lecture,170,3,5.573
Medium lecture,171,1,1.799
Medium lecture,171,2,3.628
Medium lecture,171,3,5.469
Medium lecture,172,1,1.807
Medium lecture,172,2,3.55
Medium lecture,172,3,5.337
Medium lecture,173,1,1.764
Medium lecture,173,2,3.603
Medium lecture,173,3,5.475
Medium lecture,174,1,1.83
Medium lecture,174,2,3.685
Medium lecture,174,3,5.418
Medium lecture,175,1,1.8
Medium lecture,175,2,3.571
Medium lecture,175,3,5.324
Medium lecture,176,1,1.897
Medium lecture,176,2,3.667
Medium lecture,176,3,5.442
Medium lecture,177,1,1.829
Medium lecture,177,2,3.646
Medium lecture,177,3,5.452
Medium lecture,178,1,1.745
Medium lecture,178,2,3.561
Medium lecture,178,3,5.337
Medium lecture,179,1,1.899
Medium lecture,179,2,3.71
Medium lecture,179,3,5.582
Medium lecture,180,1,1.856
Medium lecture,180,2,3.685
Medium lecture,180,3,5.543
Medium lecture,181,1,1.84
Medium lecture,181,2,3.633
Medium lecture,181,3,5.519
Medium lecture,182,1,1.772
Medium lecture,182,2,3.604
Medium lecture,182,3,5.494
Medium lecture,183,1,1.775
Medium lecture,183,2,3.619
Medium lecture,183,3,5.418
Medium lecture,184,1,1.836
Medium lecture,184,2,3.577
Medium lecture,184,3,5.421
Medium lecture,185,1,1.813
Medium lecture,185,2,3.697
Medium lecture,185,3,5.524
Medium lecture,186,1,1.802
Medium lecture,186,2,3.656
Medium lecture,186,3,5.44
Medium lecture,187,1,1.818
Medium lecture,187,2,3.613
Medium lecture,187,3,5.461
Medium lecture,188,1,1.897
Medium lecture,188,2,3.738
Medium lecture,188,3,5.601
Medium lecture,189,1,1.799
Medium lecture,189,2,3.615
Medium lecture,189,3,5.464
Medium lecture,190,1,1.836
Medium lecture,190,2,3.623
Medium lecture,190,3,5.464
Medium lecture,191,1,1.805
Medium lecture,191,2,3.637
Medium lecture,191,3,5.469
Medium lecture,192,1,1.887
Medium lecture,192,2,3.686
Medium lecture,192,3,5.566
Medium lecture,193,1,1.774
Medium lecture,193,2,3.636
Medium lecture,193,3,5.39
Medium lecture,194,1,1.818
Medium lecture,194,2,3.594
Medium lecture,194,3,5.457
Medium lecture,195,1,1.801
Medium lecture,195,2,3.616
Medium lecture,195,3,5.456
Medium lecture,196,1,1.885
Medium lecture,196,2,3.682
Medium lecture,196,3,5.458
Medium lecture,197,1,1.861
Medium lecture,197,2,3.64
Medium lecture,197,3,5.435
Medium lecture,198,1,1.787
Medium lecture,198,2,3.535
Medium lecture,198,3,5.384
Medium lecture,199,1,1.772
Medium lecture,199,2,3.547
Medium lecture,199,3,5.341
Medium lecture,200,1,1.827
Medium lecture,200,2,3.615
Medium lecture,200,3,5.493
Medium lecture,201,1,1.758
Medium lecture,201,2,3.501
Medium lecture,201,3,5.379
Medium lecture,202,1,1.758
Medium lecture,202,2,3.586
Medium lecture,202,3,5.348
Medium lecture,203,1,1.782
Medium lecture,203,2,3.617
Medium lecture,203,3,5.408
Medium lecture,204,1,1.775
Medium lecture,204,2,3.615
Medium lecture,204,3,5.547
Medium lecture,205,1,1.868
Medium lecture,205,2,3.716
Medium lecture,205,3,5.605
Medium lecture,206,1,1.791
Medium lecture,206,2,3.619
Medium lecture,206,3,5.395
Medium lecture,207,1,1.864
Medium lecture,207,2,3.698
Medium lecture,207,3,5.429
Medium lecture,208,1,1.79
Medium lecture,208,2,3.509
Medium lecture,208,3,5.336
Medium lecture,209,1,1.838
Medium lecture,209,2,3.653
Medium lecture,209,3,5.538
Medium lecture,210,1,1.831
Medium lecture,210,2,3.649
Medium lecture,210,3,5.509
Medium lecture,211,1,1.82
Medium lecture,211,2,3.606
Medium lecture,211,3,5.353
Medium lecture,212,1,1.787
Medium lecture,212,2,3.506
Medium lecture,212,3,5.385
Medium lecture,213,1,1.806
Medium lecture,213,2,3.673
Medium lecture,213,3,5.508
Medium lecture,214,1,1.824
Medium lecture,214,2,3.622
Medium lecture,214,3,5.502
Medium lecture,215,1,1.843
Medium lecture,215,2,3.611
Medium lecture,215,3,5.411
Medium lecture,216,1,1.816
Medium lecture,216,2,3.598
Medium lecture,216,3,5.475
Medium lecture,217,1,1.874
Medium lecture,217,2,3.738
Medium lecture,217,3,5.626
Medium lecture,218,1,1.78
Medium lecture,218,2,3.631
Medium lecture,218,3,5.455
Medium lecture,219,1,1.877
Medium lecture,219,2,3.672
Medium lecture,219,3,5.503
Medium lecture,220,1,1.733
Medium lecture,220,2,3.581
Medium lecture,220,3,5.391
Medium lecture,221,1,1.858
Medium lecture,221,2,3.775
Medium lecture,221,3,5.548
Medium lecture,222,1,1.802
Medium lecture,222,2,3.629
Medium lecture,222,3,5.473
Medium lecture,223,1,1.883
Medium lecture,223,2,3.713
Medium lecture,223,3,5.534
Medium lecture,224,1,1.793
Medium lecture,224,2,3.634
Medium lecture,224,3,5.507
Medium lecture,225,1,1.838
Medium lecture,225,2,3.776
Medium lecture,225,3,5.63
Medium lecture,226,1,1.786
Medium lecture,226,2,3.618
Medium lecture,226,3,5.397
Medium lecture,227,1,1.821
Medium lecture,227,2,3.624
Medium lecture,227,3,5.435
Medium lecture,228,1,1.824
Medium lecture,228,2,3.669
Medium lecture,228,3,5.494
Medium lecture,229,1,1.848
Medium lecture,229,2,3.66
Medium lecture,229,3,5.487
Medium lecture,230,1,1.889
Medium lecture,230,2,3.667
Medium lecture,230,3,5.549
Medium lecture,231,1,1.772
Medium lecture,231,2,3.555
Medium lecture,231,3,5.354
Medium lecture,232,1,1.788
Medium lecture,232,2,3.609
Medium lecture,232,3,5.5
Medium lecture,233,1,1.805
Medium lecture,233,2,3.618
Medium lecture,233,3,5.44
Medium lecture,234,1,1.795
Medium lecture,234,2,3.685
Medium lecture,234,3,5.607
Medium lecture,235,1,1.831
Medium lecture,235,2,3.655
Medium lecture,235,3,5.531
Medium lecture,236,1,1.844
Medium lecture,236,2,3.681
Medium lecture,236,3,5.457
Medium lecture,237,1,1.748
Medium lecture,237,2,3.563
Medium lecture,237,3,5.411
Medium lecture,238,1,1.849
Medium lecture,238,2,3.727
Medium lecture,238,3,5.475
Medium lecture,239,1,1.842
Medium lecture,239,2,3.696
Medium lecture,239,3,5.43
Medium lecture,240,1,1.782
Medium lecture,240,2,3.71
Medium lecture,240,3,5.489
Medium lecture,241,1,1.836
Medium lecture,241,2,3.639
Medium lecture,241,3,5.539
Medium lecture,242,1,1.72
Medium lecture,242,2,3.52
Medium lecture,242,3,5.223
Medium lecture,243,1,1.855
Medium lecture,243,2,3.661
Medium lecture,243,3,5.528
Medium lecture,244,1,1.826
Medium lecture,244,2,3.647
Medium lecture,244,3,5.525
Medium lecture,245,1,1.822
Medium lecture,245,2,3.669
Medium lecture,245,3,5.489
Medium lecture,246,1,1.833
Medium lecture,246,2,3.68
Medium lecture,246,3,5.549
Medium lecture,247,1,1.72
Medium lecture,247,2,3.595
Medium lecture,247,3,5.32
Medium lecture,248,1,1.84
Medium lecture,248,2,3.653
Medium lecture,248,3,5.468
Medium lecture,249,1,1.83
Medium lecture,249,2,3.642
Medium lecture,249,3,5.478
Medium lecture,250,1,1.894
Medium lecture,250,2,3.734
Medium lecture,250,3,5.522
Medium lecture,251,1,1.865
Medium lecture,251,2,3.701
Medium lecture,251,3,5.547
Medium lecture,252,1,1.798
Medium lecture,252,2,3.636
Medium lecture,252,3,5.394
Medium lecture,253,1,1.787
Medium lecture,253,2,3.635
Medium lecture,253,3,5.495
Medium lecture,254,1,1.914
Medium lecture,254,2,3.777
Medium lecture,254,3,5.603
Medium lecture,255,1,1.822
Medium lecture,255,2,3.681
Medium lecture,255,3,5.514
Medium lecture,256,1,1.802
Medium lecture,256,2,3.613
Medium lecture,256,3,5.496
Medium lecture,257,1,1.889
Medium lecture,257,2,3.737
Medium lecture,257,3,5.603
Medium lecture,258,1,1.886
Medium lecture,258,2,3.631
Medium lecture,258,3,5.474
Medium lecture,259,1,1.817
Medium lecture,259,2,3.582
Medium lecture,259,3,5.388
Medium lecture,260,1,1.844
Medium lecture,260,2,3.73
Medium lecture,260,3,5.58
Medium lecture,261,1,1.798
Medium lecture,261,2,3.716
Medium lecture,261,3,5.568
Medium lecture,262,1,1.886
Medium lecture,262,2,3.741
Medium lecture,262,3,5.582
Medium lecture,263,1,1.84
Medium lecture,263,2,3.596
Medium lecture,263,3,5.435
Medium lecture,264,1,1.846
Medium lecture,264,2,3.641
Medium lecture,264,3,5.476
Medium lecture,265,1,1.801
Medium lecture,265,2,3.638
Medium lecture,265,3,5.59
Medium lecture,266,1,1.821
Medium lecture,266,2,3.603
Medium lecture,266,3,5.41
Medium lecture,267,1,1.793
Medium lecture,267,2,3.661
Medium lecture,267,3,5.492
Medium lecture,268,1,1.791
Medium lecture,268,2,3.65
Medium lecture,268,3,5.522
Medium lecture,269,1,1.798
Medium lecture,269,2,3.624
Medium lecture,269,3,5.395
Medium lecture,270,1,1.804
Medium lecture,270,2,3.535
Medium lecture,270,3,5.32
Medium lecture,271,1,1.759
Medium lecture,271,2,3.647
Medium lecture,271,3,5.439
Medium lecture,272,1,1.865
Medium lecture,272,2,3.754
Medium lecture,272,3,5.554
Medium lecture,273,1,1.846
Medium lecture,273,2,3.63
Medium lecture,273,3,5.524
Medium lecture,274,1,1.839
Medium lecture,274,2,3.683
Medium lecture,274,3,5.503
Medium lecture,275,1,1.877
Medium lecture,275,2,3.672
Medium lecture,275,3,5.524
Medium lecture,276,1,1.824
Medium lecture,276,2,3.691
Medium lecture,276,3,5.564
Medium lecture,277,1,1.83
Medium lecture,277,2,3.684
Medium lecture,277,3,5.513
Medium lecture,278,1,1.811
Medium lecture,278,2,3.648
Medium lecture,278,3,5.47
Medium lecture,279,1,1.817
Medium lecture,279,2,3.621
Medium lecture,279,3,5.348
Medium lecture,280,1,1.859
Medium lecture,280,2,3.648
Medium lecture,280,3,5.449
Medium lecture,281,1,1.784
Medium lecture,281,2,3.608
Medium lecture,281,3,5.464
Medium lecture,282,1,1.844
Medium lecture,282,2,3.72
Medium lecture,282,3,5.543
Medium lecture,283,1,1.845
Medium lecture,283,2,3.652
Medium lecture,283,3,5.483
Medium lecture,284,1,1.806
Medium lecture,284,2,3.578
Medium lecture,284,3,5.437
Medium lecture,285,1,1.836
Medium lecture,285,2,3.569
Medium lecture,285,3,5.395
Medium lecture,286,1,1.753
Medium lecture,286,2,3.558
Medium lecture,286,3,5.371
Medium lecture,287,1,1.784
Medium lecture,287,2,3.623
Medium lecture,287,3,5.391
Medium lecture,288,1,1.826
Medium lecture,288,2,3.669
Medium lecture,288,3,5.499
Medium lecture,289,1,1.815
Medium lecture,289,2,3.673
Medium lecture,289,3,5.55
Medium lecture,290,1,1.849
Medium lecture,290,2,3.69
Medium lecture,290,3,5.497
Medium lecture,291,1,1.852
Medium lecture,291,2,3.633
Medium lecture,291,3,5.492
Medium lecture,292,1,1.84
Medium lecture,292,2,3.63
Medium lecture,292,3,5.457
Medium lecture,293,1,1.858
Medium lecture,293,2,3.708
Medium lecture,293,3,5.603
Medium lecture,294,1,1.927
Medium lecture,294,2,3.723
Medium lecture,294,3,5.522
Medium lecture,295,1,1.852
Medium lecture,295,2,3.681
Medium lecture,295,3,5.554
Medium lecture,296,1,1.824
Medium lecture,296,2,3.655
Medium lecture,296,3,5.456
Medium lecture,297,1,1.771
Medium lecture,297,2,3.626
Medium lecture,297,3,5.474
Medium lecture,298,1,1.85
Medium lecture,298,2,3.657
Medium lecture,298,3,5.447
Medium lecture,299,1,1.884
Medium lecture,299,2,3.736
Medium lecture,299,3,5.519
Medium lecture,300,1,1.759
Medium lecture,300,2,3.638
Medium lecture,300,3,5.521
Medium lecture,301,1,1.802
Medium lecture,301,2,3.571
Medium lecture,301,3,5.419
Medium lecture,302,1,1.873
Medium lecture,302,2,3.699
Medium lecture,302,3,5.528
Medium lecture,303,1,1.865
Medium lecture,303,2,3.723
Medium lecture,303,3,5.583
Medium lecture,304,1,1.827
Medium lecture,304,2,3.633
Medium lecture,304,3,5.517
Medium lecture,305,1,1.741
Medium lecture,305,2,3.613
Medium lecture,305,3,5.478
Medium lecture,306,1,1.818
Medium lecture,306,2,3.615
Medium lecture,306,3,5.474
Medium lecture,307,1,1.824
Medium lecture,307,2,3.574
Medium lecture,307,3,5.367
Medium lecture,308,1,1.877
Medium lecture,308,2,3.769
Medium lecture,308,3,5.595
Medium lecture,309,1,1.794
Medium lecture,309,2,3.614
Medium lecture,309,3,5.432
Medium lecture,310,1,1.752
Medium lecture,310,2,3.575
Medium lecture,310,3,5.373
Medium lecture,311,1,1.8
Medium lecture,311,2,3.591
Medium lecture,311,3,5.418
Medium lecture,312,1,1.885
Medium lecture,312,2,3.77
Medium lecture,312,3,5.532
Medium lecture,313,1,1.901
Medium lecture,313,2,3.671
Medium lecture,313,3,5.483
Medium lecture,314,1,1.862
Medium lecture,314,2,3.789
Medium lecture,314,3,5.638
Medium lecture,315,1,1.857
Medium lecture,315,2,3.675
Medium lecture,315,3,5.491
Medium lecture,316,1,1.857
Medium lecture,316,2,3.651
Medium lecture,316,3,5.532
Medium lecture,317,1,1.834
Medium lecture,317,2,3.638
Medium lecture,317,3,5.4
Medium lecture,318,1,1.806
Medium lecture,318,2,3.616
Medium lecture,318,3,5.435
Medium lecture,319,1,1.866
Medium lecture,319,2,3.615
Medium lecture,319,3,5.511
Medium lecture,320,1,1.845
Medium lecture,320,2,3.667
Medium lecture,320,3,5.466
Medium lecture,321,1,1.859
Medium lecture,321,2,3.605
Medium lecture,321,3,5.443
Medium lecture,322,1,1.881
Medium lecture,322,2,3.729
Medium lecture,322,3,5.548
Medium lecture,323,1,1.855
Medium lecture,323,2,3.631
Medium lecture,323,3,5.436
Medium lecture,324,1,1.856
Medium lecture,324,2,3.753
Medium lecture,324,3,5.538
Medium lecture,325,1,1.829
Medium lecture,325,2,3.607
Medium lecture,325,3,5.511
Medium lecture,326,1,1.765
Medium lecture,326,2,3.562
Medium lecture,326,3,5.273
Medium lecture,327,1,1.838
Medium lecture,327,2,3.693
Medium lecture,327,3,5.518
Medium lecture,328,1,1.798
Medium lecture,328,2,3.644
Medium lecture,328,3,5.458
Medium lecture,329,1,1.896
Medium lecture,329,2,3.672
Medium lecture,329,3,5.542
Medium lecture,330,1,1.826
Medium lecture,330,2,3.627
Medium lecture,330,3,5.482
Medium lecture,331,1,1.886
Medium lecture,331,2,3.69
Medium lecture,331,3,5.502
Medium lecture,332,1,1.8
Medium lecture,332,2,3.707
Medium lecture,332,3,5.5
Medium lecture,333,1,1.81
Medium lecture,333,2,3.625
Medium lecture,333,3,5.497
Medium lecture,334,1,1.826
Medium lecture,334,2,3.626
Medium lecture,334,3,5.478
Medium lecture,335,1,1.815
Medium lecture,335,2,3.629
Medium lecture,335,3,5.494
Medium lecture,336,1,1.823
Medium lecture,336,2,3.571
Medium lecture,336,3,5.315
Medium lecture,337,1,1.812
Medium lecture,337,2,3.658
Medium lecture,337,3,5.479
Medium lecture,338,1,1.856
Medium lecture,338,2,3.706
Medium lecture,338,3,5.527
Medium lecture,339,1,1.848
Medium lecture,339,2,3.657
Medium lecture,339,3,5.511
Medium lecture,340,1,1.752
Medium lecture,340,2,3.59
Medium lecture,340,3,5.39
Medium lecture,341,1,1.795
Medium lecture,341,2,3.653
Medium lecture,341,3,5.483
Medium lecture,342,1,1.845
Medium lecture,342,2,3.652
Medium lecture,342,3,5.535
Medium lecture,343,1,1.841
Medium lecture,343,2,3.605
Medium lecture,343,3,5.444
Medium lecture,344,1,1.796
Medium lecture,344,2,3.664
Medium lecture,344,3,5.464
Medium lecture,345,1,1.781
Medium lecture,345,2,3.594
Medium lecture,345,3,5.4
Medium lecture,346,1,1.815
Medium lecture,346,2,3.657
Medium lecture,346,3,5.486
Medium lecture,347,1,1.816
Medium lecture,347,2,3.622
Medium lecture,347,3,5.466
Medium lecture,348,1,1.742
Medium lecture,348,2,3.58
Medium lecture,348,3,5.356
Medium lecture,349,1,1.818
Medium lecture,349,2,3.653
Medium lecture,349,3,5.498
Medium lecture,350,1,1.815
Medium lecture,350,2,3.711
Medium lecture,350,3,5.515
Medium lecture,351,1,1.799
Medium lecture,351,2,3.62
Medium lecture,351,3,5.405
Medium lecture,352,1,1.907
Medium lecture,352,2,3.752
Medium lecture,352,3,5.494
Medium lecture,353,1,1.817
Medium lecture,353,2,3.564
Medium lecture,353,3,5.436
Medium lecture,354,1,1.862
Medium lecture,354,2,3.619
Medium lecture,354,3,5.402
Medium lecture,355,1,1.831
Medium lecture,355,2,3.693
Medium lecture,355,3,5.562
Medium lecture,356,1,1.824
Medium lecture,356,2,3.648
Medium lecture,356,3,5.482
Medium lecture,357,1,1.883
Medium lecture,357,2,3.687
Medium lecture,357,3,5.506
Medium lecture,358,1,1.884
Medium lecture,358,2,3.795
Medium lecture,358,3,5.625
Medium lecture,359,1,1.822
Medium lecture,359,2,3.745
Medium lecture,359,3,5.553
Medium lecture,360,1,1.818
Medium lecture,360,2,3.569
Medium lecture,360,3,5.384
Medium lecture,361,1,1.905
Medium lecture,361,2,3.707
Medium lecture,361,3,5.561
Medium lecture,362,1,1.828
Medium lecture,362,2,3.632
Medium lecture,362,3,5.449
Medium lecture,363,1,1.903
Medium lecture,363,2,3.733
Medium lecture,363,3,5.591
Medium lecture,364,1,1.805
Medium lecture,364,2,3.599
Medium lecture,364,3,5.417
Medium lecture,365,1,1.795
Medium lecture,365,2,3.544
Medium lecture,365,3,5.397
Medium lecture,366,1,1.824
Medium lecture,366,2,3.585
Medium lecture,366,3,5.518
Medium lecture,367,1,1.87
Medium lecture,367,2,3.626
Medium lecture,367,3,5.498
Medium lecture,368,1,1.848
Medium lecture,368,2,3.68
Medium lecture,368,3,5.47
Medium lecture,369,1,1.877
Medium lecture,369,2,3.695
Medium lecture,369,3,5.521
Medium lecture,370,1,1.891
Medium lecture,370,2,3.671
Medium lecture,370,3,5.573
Medium lecture,371,1,1.815
Medium lecture,371,2,3.581
Medium lecture,371,3,5.393
Medium lecture,372,1,1.839
Medium lecture,372,2,3.728
Medium lecture,372,3,5.562
Medium lecture,373,1,1.778
Medium lecture,373,2,3.549
Medium lecture,373,3,5.335
Medium lecture,374,1,1.724
Medium lecture,374,2,3.63
Medium lecture,374,3,5.446
Medium lecture,375,1,1.79
Medium lecture,375,2,3.58
Medium lecture,375,3,5.411
Medium lecture,376,1,1.815
Medium lecture,376,2,3.693
Medium lecture,376,3,5.513
Medium lecture,377,1,1.786
Medium lecture,377,2,3.61
Medium lecture,377,3,5.386
Medium lecture,378,1,1.875
Medium lecture,378,2,3.674
Medium lecture,378,3,5.457
Medium lecture,379,1,1.889
Medium lecture,379,2,3.69
Medium lecture,379,3,5.472
Medium lecture,380,1,1.811
Medium lecture,380,2,3.616
Medium lecture,380,3,5.482
Medium lecture,381,1,1.695
Medium lecture,381,2,3.54
Medium lecture,381,3,5.306
Medium lecture,382,1,1.837
Medium lecture,382,2,3.628
Medium lecture,382,3,5.467
Medium lecture,383,1,1.786
Medium lecture,383,2,3.666
Medium lecture,383,3,5.519
Medium lecture,384,1,1.855
Medium lecture,384,2,3.63
Medium lecture,384,3,5.449
Medium lecture,385,1,1.872
Medium lecture,385,2,3.769
Medium lecture,385,3,5.647
Medium lecture,386,1,1.845
Medium lecture,386,2,3.704
Medium lecture,386,3,5.534
Medium lecture,387,1,1.823
Medium lecture,387,2,3.543
Medium lecture,387,3,5.369
Medium lecture,388,1,1.749
Medium lecture,388,2,3.604
Medium lecture,388,3,5.442
Medium lecture,389,1,1.817
Medium lecture,389,2,3.635
Medium lecture,389,3,5.413
Medium lecture,390,1,1.806
Medium lecture,390,2,3.574
Medium lecture,390,3,5.482
Medium lecture,391,1,1.846
Medium lecture,391,2,3.709
Medium lecture,391,3,5.489
Medium lecture,392,1,1.83
Medium lecture,392,2,3.572
Medium lecture,392,3,5.385
Medium lecture,393,1,1.77
Medium lecture,393,2,3.618
Medium lecture,393,3,5.453
Medium lecture,394,1,1.797
Medium lecture,394,2,3.588
Medium lecture,394,3,5.398
Medium lecture,395,1,1.783
Medium lecture,395,2,3.746
Medium lecture,395,3,5.56
Medium lecture,396,1,1.836
Medium lecture,396,2,3.645
Medium lecture,396,3,5.481
Medium lecture,397,1,1.836
Medium lecture,397,2,3.723
Medium lecture,397,3,5.536
Medium lecture,398,1,1.761
Medium lecture,398,2,3.613
Medium lecture,398,3,5.431
Medium lecture,399,1,1.838
Medium lecture,399,2,3.637
Medium lecture,399,3,5.398
Medium lecture,400,1,1.863
Medium lecture,400,2,3.749
Medium lecture,400,3,5.59
Medium lecture,401,1,1.792
Medium lecture,401,2,3.587
Medium lecture,401,3,5.425
Medium lecture,402,1,1.875
Medium lecture,402,2,3.674
Medium lecture,402,3,5.513
Medium lecture,403,1,1.897
Medium lecture,403,2,3.788
Medium lecture,403,3,5.61
Medium lecture,404,1,1.865
Medium lecture,404,2,3.698
Medium lecture,404,3,5.471
Medium lecture,405,1,1.795
Medium lecture,405,2,3.616
Medium lecture,405,3,5.418
Medium lecture,406,1,1.774
Medium lecture,406,2,3.627
Medium lecture,406,3,5.398
Medium lecture,407,1,1.719
Medium lecture,407,2,3.596
Medium lecture,407,3,5.404
Medium lecture,408,1,1.794
Medium lecture,408,2,3.59
Medium lecture,408,3,5.385
Medium lecture,409,1,1.81
Medium lecture,409,2,3.611
Medium lecture,409,3,5.314
Medium lecture,410,1,1.916
Medium lecture,410,2,3.775
Medium lecture,410,3,5.597
Medium lecture,411,1,1.769
Medium lecture,411,2,3.558
Medium lecture,411,3,5.318
Medium lecture,412,1,1.846
Medium lecture,412,2,3.675
Medium lecture,412,3,5.504
Medium lecture,413,1,1.889
Medium lecture,413,2,3.714
Medium lecture,413,3,5.575
Medium lecture,414,1,1.841
Medium lecture,414,2,3.616
Medium lecture,414,3,5.384
Medium lecture,415,1,1.837
Medium lecture,415,2,3.695
Medium lecture,415,3,5.586
Medium lecture,416,1,1.792
Medium lecture,416,2,3.592
Medium lecture,416,3,5.426
Medium lecture,417,1,1.833
Medium lecture,417,2,3.699
Medium lecture,417,3,5.564
Medium lecture,418,1,1.868
Medium lecture,418,2,3.708
Medium lecture,418,3,5.553
Medium lecture,419,1,1.844
Medium lecture,419,2,3.748
Medium lecture,419,3,5.639
Medium lecture,420,1,1.85
Medium lecture,420,2,3.643
Medium lecture,420,3,5.444
Medium lecture,421,1,1.819
Medium lecture,421,2,3.617
Medium lecture,421,3,5.496
Medium lecture,422,1,1.802
Medium lecture,422,2,3.644
Medium lecture,422,3,5.443
Medium lecture,423,1,1.74
Medium lecture,423,2,3.578
Medium lecture,423,3,5.376
Medium lecture,424,1,1.883
Medium lecture,424,2,3.713
Medium lecture,424,3,5.538
Medium lecture,425,1,1.858
Medium lecture,425,2,3.649
Medium lecture,425,3,5.493
Medium lecture,426,1,1.849
Medium lecture,426,2,3.706
Medium lecture,426,3,5.544
Medium lecture,427,1,1.836
Medium lecture,427,2,3.716
Medium lecture,427,3,5.522
Medium lecture,428,1,1.83
Medium lecture,428,2,3.628
Medium lecture,428,3,5.468
Medium lecture,429,1,1.873
Medium lecture,429,2,3.65
Medium lecture,429,3,5.537
Medium lecture,430,1,1.829
Medium lecture,430,2,3.635
Medium lecture,430,3,5.461
Medium lecture,431,1,1.794
Medium lecture,431,2,3.601
Medium lecture,431,3,5.357
Medium lecture,432,1,1.77
Medium lecture,432,2,3.626
Medium lecture,432,3,5.414
Medium lecture,433,1,1.844
Medium lecture,433,2,3.695
Medium lecture,433,3,5.521
Medium lecture,434,1,1.821
Medium lecture,434,2,3.599
Medium lecture,434,3,5.399
Medium lecture,435,1,1.869
Medium lecture,435,2,3.687
Medium lecture,435,3,5.383
Medium lecture,436,1,1.836
Medium lecture,436,2,3.619
Medium lecture,436,3,5.545
Medium lecture,437,1,1.811
Medium lecture,437,2,3.637
Medium lecture,437,3,5.433
Medium lecture,438,1,1.815
Medium lecture,438,2,3.618
Medium lecture,438,3,5.465
Medium lecture,439,1,1.784
Medium lecture,439,2,3.554
Medium lecture,439,3,5.381
Medium lecture,440,1,1.807
Medium lecture,440,2,3.69
Medium lecture,440,3,5.491
Medium lecture,441,1,1.834
Medium lecture,441,2,3.669
Medium lecture,441,3,5.481
Medium lecture,442,1,1.762
Medium lecture,442,2,3.596
Medium lecture,442,3,5.476
Medium lecture,443,1,1.838
Medium lecture,443,2,3.716
Medium lecture,443,3,5.543
Medium lecture,444,1,1.798
Medium lecture,444,2,3.628
Medium lecture,444,3,5.448
Medium lecture,445,1,1.778
Medium lecture,445,2,3.619
Medium lecture,445,3,5.406
Medium lecture,446,1,1.8
Medium lecture,446,2,3.637
Medium lecture,446,3,5.471
Medium lecture,447,1,1.827
Medium lecture,447,2,3.731
Medium lecture,447,3,5.605
Medium lecture,448,1,1.802
Medium lecture,448,2,3.559
Medium lecture,448,3,5.333
Medium lecture,449,1,1.792
Medium lecture,449,2,3.667
Medium lecture,449,3,5.509
Medium lecture,450,1,1.875
Medium lecture,450,2,3.792
Medium lecture,450,3,5.672
Medium lecture,451,1,1.884
Medium lecture,451,2,3.81
Medium lecture,451,3,5.573
Medium lecture,452,1,1.849
Medium lecture,452,2,3.707
Medium lecture,452,3,5.529
Medium lecture,453,1,1.809
Medium lecture,453,2,3.664
Medium lecture,453,3,5.525
Medium lecture,454,1,1.82
Medium lecture,454,2,3.641
Medium lecture,454,3,5.465
Medium lecture,455,1,1.871
Medium lecture,455,2,3.603
Medium lecture,455,3,5.466
Medium lecture,456,1,1.768
Medium lecture,456,2,3.509
Medium lecture,456,3,5.3
Medium lecture,457,1,1.746
Medium lecture,457,2,3.484
Medium lecture,457,3,5.282
Medium lecture,458,1,1.768
Medium lecture,458,2,3.54
Medium lecture,458,3,5.37
Medium lecture,459,1,1.842
Medium lecture,459,2,3.713
Medium lecture,459,3,5.557
Medium lecture,460,1,1.788
Medium lecture,460,2,3.662
Medium lecture,460,3,5.528
Medium lecture,461,1,1.834
Medium lecture,461,2,3.666
Medium lecture,461,3,5.541
Medium lecture,462,1,1.778
Medium lecture,462,2,3.653
Medium lecture,462,3,5.546
Medium lecture,463,1,1.761
Medium lecture,463,2,3.509
Medium lecture,463,3,5.335
Medium lecture,464,1,1.852
Medium lecture,464,2,3.647
Medium lecture,464,3,5.474
Medium lecture,465,1,1.819
Medium lecture,465,2,3.698
Medium lecture,465,3,5.494
Medium lecture,466,1,1.821
Medium lecture,466,2,3.588
Medium lecture,466,3,5.38
Medium lecture,467,1,1.879
Medium lecture,467,2,3.694
Medium lecture,467,3,5.549
Medium lecture,468,1,1.882
Medium lecture,468,2,3.689
Medium lecture,468,3,5.474
Medium lecture,469,1,1.855
Medium lecture,469,2,3.698
Medium lecture,469,3,5.555
Medium lecture,470,1,1.884
Medium lecture,470,2,3.69
Medium lecture,470,3,5.496
Medium lecture,471,1,1.909
Medium lecture,471,2,3.714
Medium lecture,471,3,5.561
Medium lecture,472,1,1.801
Medium lecture,472,2,3.662
Medium lecture,472,3,5.484
Medium lecture,473,1,1.873
Medium lecture,473,2,3.738
Medium lecture,473,3,5.551
Medium lecture,474,1,1.827
Medium lecture,474,2,3.632
Medium lecture,474,3,5.414
Medium lecture,475,1,1.778
Medium lecture,475,2,3.625
Medium lecture,475,3,5.485
Medium lecture,476,1,1.825
Medium lecture,476,2,3.661
Medium lecture,476,3,5.473
Medium lecture,477,1,1.768
Medium lecture,477,2,3.611
Medium lecture,477,3,5.452
Medium lecture,478,1,1.855
Medium lecture,478,2,3.603
Medium lecture,478,3,5.401
Medium lecture,479,1,1.756
Medium lecture,479,2,3.607
Medium lecture,479,3,5.467
Medium lecture,480,1,1.878
Medium lecture,480,2,3.726
Medium lecture,480,3,5.56
Medium lecture,481,1,1.78
Medium lecture,481,2,3.62
Medium lecture,481,3,5.503
Medium lecture,482,1,1.905
Medium lecture,482,2,3.765
Medium lecture,482,3,5.623
Medium lecture,483,1,1.819
Medium lecture,483,2,3.738
Medium lecture,483,3,5.566
Medium lecture,484,1,1.867
Medium lecture,484,2,3.695
Medium lecture,484,3,5.518
Medium lecture,485,1,1.781
Medium lecture,485,2,3.597
Medium lecture,485,3,5.349
Medium lecture,486,1,1.894
Medium lecture,486,2,3.783
Medium lecture,486,3,5.519
Medium lecture,487,1,1.816
Medium lecture,487,2,3.634
Medium lecture,487,3,5.444
Medium lecture,488,1,1.829
Medium lecture,488,2,3.648
Medium lecture,488,3,5.443
Medium lecture,489,1,1.871
Medium lecture,489,2,3.722
Medium lecture,489,3,5.544
Medium lecture,490,1,1.729
Medium lecture,490,2,3.482
Medium lecture,490,3,5.311
Medium lecture,491,1,1.884
Medium lecture,491,2,3.695
Medium lecture,491,3,5.498
Medium lecture,492,1,1.805
Medium lecture,492,2,3.652
Medium lecture,492,3,5.419
Medium lecture,493,1,1.848
Medium lecture,493,2,3.688
Medium lecture,493,3,5.549
Medium lecture,494,1,1.766
Medium lecture,494,2,3.587
Medium lecture,494,3,5.347
Medium lecture,495,1,1.801
Medium lecture,495,2,3.612
Medium lecture,495,3,5.422
Medium lecture,496,1,1.812
Medium lecture,496,2,3.704
Medium lecture,496,3,5.536
Medium lecture,497,1,1.822
Medium lecture,497,2,3.563
Medium lecture,497,3,5.372
Medium lecture,498,1,1.879
Medium lecture,498,2,3.721
Medium lecture,498,3,5.603
Medium lecture,499,1,1.879
Medium lecture,499,2,3.743
Medium lecture,499,3,5.6
Large lecture,0,1,3.708
Large lecture,0,2,7.271
Large lecture,0,3,10.903
Large lecture,1,1,3.645
Large lecture,1,2,7.203
Large lecture,1,3,10.911
Large lecture,2,1,3.644
Large lecture,2,2,7.208
Large lecture,2,3,10.721
Large lecture,3,1,3.524
Large lecture,3,2,7.104
Large lecture,3,3,10.761
Large lecture,4,1,3.624
Large lecture,4,2,7.315
Large lecture,4,3,10.887
Large lecture,5,1,3.583
Large lecture,5,2,7.143
Large lecture,5,3,10.801
Large lecture,6,1,3.572
Large lecture,6,2,7.073
Large lecture,6,3,10.716
Large lecture,7,1,3.655
Large lecture,7,2,7.272
Large lecture,7,3,10.866
Large lecture,8,1,3.539
Large lecture,8,2,7.156
Large lecture,8,3,10.718
Large lecture,9,1,3.446
Large lecture,9,2,7.081
Large lecture,9,3,10.675
Large lecture,10,1,3.634
Large lecture,10,2,7.305
Large lecture,10,3,10.807
Large lecture,11,1,3.672
Large lecture,11,2,7.256
Large lecture,11,3,10.888
Large lecture,12,1,3.634
Large lecture,12,2,7.221
Large lecture,12,3,10.754
Large lecture,13,1,3.554
Large lecture,13,2,7.094
Large lecture,13,3,10.783
Large lecture,14,1,3.563
Large lecture,14,2,7.16
Large lecture,14,3,10.744
Large lecture,15,1,3.579
Large lecture,15,2,7.134
Large lecture,15,3,10.734
Large lecture,16,1,3.7
Large lecture,16,2,7.312
Large lecture,16,3,10.909
Large lecture,17,1,3.628
Large lecture,17,2,7.222
Large lecture,17,3,10.779
Large lecture,18,1,3.622
Large lecture,18,2,7.199
Large lecture,18,3,10.81
Large lecture,19,1,3.554
Large lecture,19,2,7.092
Large lecture,19,3,10.678
Large lecture,20,1,3.646
Large lecture,20,2,7.218
Large lecture,20,3,10.823
Large lecture,21,1,3.566
Large lecture,21,2,7.09
Large lecture,21,3,10.676
Large lecture,22,1,3.584
Large lecture,22,2,7.203
Large lecture,22,3,10.667
Large lecture,23,1,3.63
Large lecture,23,2,7.227
Large lecture,23,3,10.793
Large lecture,24,1,3.594
Large lecture,24,2,7.145
Large lecture,24,3,10.642
Large lecture,25,1,3.597
Large lecture,25,2,7.196
Large lecture,25,3,10.797
Large lecture,26,1,3.604
Large lecture,26,2,7.158
Large lecture,26,3,10.813
Large lecture,27,1,3.61
Large lecture,27,2,7.349
Large lecture,27,3,11.007
Large lecture,28,1,3.602
Large lecture,28,2,7.221
Large lecture,28,3,10.847
Large lecture,29,1,3.677
Large lecture,29,2,7.273
Large lecture,29,3,10.793
Large lecture,30,1,3.494
Large lecture,30,2,7.086
Large lecture,30,3,10.6
Large lecture,31,1,3.489
Large lecture,31,2,6.993
Large lecture,31,3,10.663
Large lecture,32,1,3.576
Large lecture,32,2,7.139
Large lecture,32,3,10.78
Large lecture,33,1,3.54
Large lecture,33,2,7.063
Large lecture,33,3,10.653
Large lecture,34,1,3.594
Large lecture,34,2,7.113
Large lecture,34,3,10.688
Large lecture,35,1,3.581
Large lecture,35,2,7.324
Large lecture,35,3,10.917
Large lecture,36,1,3.69
Large lecture,36,2,7.255
Large lecture,36,3,10.946
Large lecture,37,1,3.493
Large lecture,37,2,6.979
Large lecture,37,3,10.605
Large lecture,38,1,3.597
Large lecture,38,2,7.104
Large lecture,38,3,10.665
Large lecture,39,1,3.494
Large lecture,39,2,7.097
Large lecture,39,3,10.645
Large lecture,40,1,3.612
Large lecture,40,2,7.185
Large lecture,40,3,10.714
Large lecture,41,1,3.579
Large lecture,41,2,7.185
Large lecture,41,3,10.757
Large lecture,42,1,3.616
Large lecture,42,2,7.172
Large lecture,42,3,10.704
Large lecture,43,1,3.511
Large lecture,43,2,7.095
Large lecture,43,3,10.761
Large lecture,44,1,3.678
Large lecture,44,2,7.394
Large lecture,44,3,11.01
Large lecture,45,1,3.632
Large lecture,45,2,7.112
Large lecture,45,3,10.659
Large lecture,46,1,3.559
Large lecture,46,2,7.237
Large lecture,46,3,10.819
Large lecture,47,1,3.509
Large lecture,47,2,7.069
Large lecture,47,3,10.713
Large lecture,48,1,3.654
Large lecture,48,2,7.276
Large lecture,48,3,10.895
Large lecture,49,1,3.612
Large lecture,49,2,7.135
Large lecture,49,3,10.66
Large lecture,50,1,3.525
Large lecture,50,2,7.152
Large lecture,50,3,10.778
Large lecture,51,1,3.613
Large lecture,51,2,7.126
Large lecture,51,3,10.717
Large lecture,52,1,3.584
Large lecture,52,2,7.158
Large lecture,52,3,10.794
Large lecture,53,1,3.668
Large lecture,53,2,7.289
Large lecture,53,3,10.793
Large lecture,54,1,3.492
Large lecture,54,2,7.024
Large lecture,54,3,10.659
Large lecture,55,1,3.574
Large lecture,55,2,7.145
Large lecture,55,3,10.685
Large lecture,56,1,3.535
Large lecture,56,2,7.211
Large lecture,56,3,10.798
Large lecture,57,1,3.715
Large lecture,57,2,7.293
Large lecture,57,3,10.824
Large lecture,58,1,3.459
Large lecture,58,2,7.087
Large lecture,58,3,10.688
Large lecture,59,1,3.485
Large lecture,59,2,7.153
Large lecture,59,3,10.877
Large lecture,60,1,3.658
Large lecture,60,2,7.22
Large lecture,60,3,10.743
Large lecture,61,1,3.621
Large lecture,61,2,7.092
Large lecture,61,3,10.607
Large lecture,62,1,3.442
Large lecture,62,2,6.943
Large lecture,62,3,10.498
Large lecture,63,1,3.551
Large lecture,63,2,7.217
Large lecture,63,3,10.85
Large lecture,64,1,3.594
Large lecture,64,2,7.23
Large lecture,64,3,10.742
Large lecture,65,1,3.672
Large lecture,65,2,7.261
Large lecture,65,3,10.944
Large lecture,66,1,3.575
Large lecture,66,2,7.178
Large lecture,66,3,10.703
Large lecture,67,1,3.663
Large lecture,67,2,7.264
Large lecture,67,3,10.877
Large lecture,68,1,3.635
Large lecture,68,2,7.131
Large lecture,68,3,10.763
Large lecture,69,1,3.634
Large lecture,69,2,7.26
Large lecture,69,3,10.893
Large lecture,70,1,3.596
Large lecture,70,2,7.135
Large lecture,70,3,10.791
Large lecture,71,1,3.572
Large lecture,71,2,7.246
Large lecture,71,3,10.849
Large lecture,72,1,3.508
Large lecture,72,2,7.138
Large lecture,72,3,10.775
Large lecture,73,1,3.628
Large lecture,73,2,7.21
Large lecture,73,3,10.748
Large lecture,74,1,3.598
Large lecture,74,2,7.123
Large lecture,74,3,10.731
Large lecture,75,1,3.543
Large lecture,75,2,7.075
Large lecture,75,3,10.696
Large lecture,76,1,3.618
Large lecture,76,2,7.227
Large lecture,76,3,10.854
Large lecture,77,1,3.621
Large lecture,77,2,7.117
Large lecture,77,3,10.661
Large lecture,78,1,3.68
Large lecture,78,2,7.262
Large lecture,78,3,10.775
Large lecture,79,1,3.508
Large lecture,79,2,7.073
Large lecture,79,3,10.681
Large lecture,80,1,3.485
Large lecture,80,2,7.008
Large lecture,80,3,10.531
Large lecture,81,1,3.545
Large lecture,81,2,7.081
Large lecture,81,3,10.695
Large lecture,82,1,3.659
Large lecture,82,2,7.224
Large lecture,82,3,10.9
Large lecture,83,1,3.583
Large lecture,83,2,7.25
Large lecture,83,3,10.745
Large lecture,84,1,3.637
Large lecture,84,2,7.21
Large lecture,84,3,10.988
Large lecture,85,1,3.521
Large lecture,85,2,7.069
Large lecture,85,3,10.657
Large lecture,86,1,3.606
Large lecture,86,2,7.213
Large lecture,86,3,10.809
Large lecture,87,1,3.673
Large lecture,87,2,7.213
Large lecture,87,3,11.008
Large lecture,88,1,3.589
Large lecture,88,2,7.162
Large lecture,88,3,10.674
Large lecture,89,1,3.677
Large lecture,89,2,7.284
Large lecture,89,3,10.944
Large lecture,90,1,3.593
Large lecture,90,2,7.097
Large lecture,90,3,10.533
Large lecture,91,1,3.631
Large lecture,91,2,7.242
Large lecture,91,3,10.85
Large lecture,92,1,3.507
Large lecture,92,2,7.153
Large lecture,92,3,10.719
Large lecture,93,1,3.521
Large lecture,93,2,7.168
Large lecture,93,3,10.669
Large lecture,94,1,3.485
Large lecture,94,2,7.16
Large lecture,94,3,10.725
Large lecture,95,1,3.606
Large lecture,95,2,7.145
Large lecture,95,3,10.721
Large lecture,96,1,3.61
Large lecture,96,2,7.145
Large lecture,96,3,10.76
Large lecture,97,1,3.662
Large lecture,97,2,7.145
Large lecture,97,3,10.82
Large lecture,98,1,3.597
Large lecture,98,2,7.242
Large lecture,98,3,10.815
Large lecture,99,1,3.682
Large lecture,99,2,7.237
Large lecture,99,3,10.826
Large lecture,100,1,3.599
Large lecture,100,2,7.189
Large lecture,100,3,10.784
Large lecture,101,1,3.611
Large lecture,101,2,7.159
Large lecture,101,3,10.799
Large lecture,102,1,3.737
Large lecture,102,2,7.404
Large lecture,102,3,10.948
Large lecture,103,1,3.613
Large lecture,103,2,7.222
Large lecture,103,3,10.666
Large lecture,104,1,3.663
Large lecture,104,2,7.226
Large lecture,104,3,10.868
Large lecture,105,1,3.588
Large lecture,105,2,7.142
Large lecture,105,3,10.801
Large lecture,106,1,3.579
Large lecture,106,2,7.223
Large lecture,106,3,10.74
Large lecture,107,1,3.511
Large lecture,107,2,7.027
Large lecture,107,3,10.621
Large lecture,108,1,3.666
Large lecture,108,2,7.212
Large lecture,108,3,10.869
Large lecture,109,1,3.547
Large lecture,109,2,7.155
Large lecture,109,3,10.723
Large lecture,110,1,3.564
Large lecture,110,2,7.061
Large lecture,110,3,10.625
Large lecture,111,1,3.569
Large lecture,111,2,7.204
Large lecture,111,3,10.774
Large lecture,112,1,3.421
Large lecture,112,2,6.954
Large lecture,112,3,10.593
Large lecture,113,1,3.716
Large lecture,113,2,7.427
Large lecture,113,3,11.005
Large lecture,114,1,3.712
Large lecture,114,2,7.257
Large lecture,114,3,10.84
Large lecture,115,1,3.588
Large lecture,115,2,7.167
Large lecture,115,3,10.708
Large lecture,116,1,3.586
Large lecture,116,2,7.017
Large lecture,116,3,10.638
Large lecture,117,1,3.512
Large lecture,117,2,7.055
Large lecture,117,3,10.509
Large lecture,118,1,3.552
Large lecture,118,2,7.156
Large lecture,118,3,10.752
Large lecture,119,1,3.71
Large lecture,119,2,7.299
Large lecture,119,3,10.864
Large lecture,120,1,3.652
Large lecture,120,2,7.279
Large lecture,120,3,10.76
Large lecture,121,1,3.599
Large lecture,121,2,7.146
Large lecture,121,3,10.735
Large lecture,122,1,3.591
Large lecture,122,2,7.122
Large lecture,122,3,10.842
Large lecture,123,1,3.545
Large lecture,123,2,7.194
Large lecture,123,3,10.792
Large lecture,124,1,3.688
Large lecture,124,2,7.232
Large lecture,124,3,10.84
Large lecture,125,1,3.634
Large lecture,125,2,7.286
Large lecture,125,3,10.815
Large lecture,126,1,3.465
Large lecture,126,2,7.088
Large lecture,126,3,10.672
Large lecture,127,1,3.564
Large lecture,127,2,7.131
Large lecture,127,3,10.747
Large lecture,128,1,3.557
Large lecture,128,2,7.124
Large lecture,128,3,10.654
Large lecture,129,1,3.699
Large lecture,129,2,7.248
Large lecture,129,3,10.775
Large lecture,130,1,3.585
Large lecture,130,2,7.171
Large lecture,130,3,10.764
Large lecture,131,1,3.604
Large lecture,131,2,7.158
Large lecture,131,3,10.726
Large lecture,132,1,3.686
Large lecture,132,2,7.241
Large lecture,132,3,10.905
Large lecture,133,1,3.522
Large lecture,133,2,7.119
Large lecture,133,3,10.69
Large lecture,134,1,3.594
Large lecture,134,2,7.185
Large lecture,134,3,10.825
Large lecture,135,1,3.689
Large lecture,135,2,7.368
Large lecture,135,3,10.951
Large lecture,136,1,3.628
Large lecture,136,2,7.216
Large lecture,136,3,10.83
Large lecture,137,1,3.553
Large lecture,137,2,7.128
Large lecture,137,3,10.742
Large lecture,138,1,3.613
Large lecture,138,2,7.193
Large lecture,138,3,10.84
Large lecture,139,1,3.513
Large lecture,139,2,6.953
Large lecture,139,3,10.56
Large lecture,140,1,3.568
Large lecture,140,2,7.096
Large lecture,140,3,10.859
Large lecture,141,1,3.625
Large lecture,141,2,7.138
Large lecture,141,3,10.673
Large lecture,142,1,3.517
Large lecture,142,2,7.113
Large lecture,142,3,10.705
Large lecture,143,1,3.582
Large lecture,143,2,7.148
Large lecture,143,3,10.807
Large lecture,144,1,3.677
Large lecture,144,2,7.187
Large lecture,144,3,10.737
Large lecture,145,1,3.392
Large lecture,145,2,7.082
Large lecture,145,3,10.699
Large lecture,146,1,3.67
Large lecture,146,2,7.265
Large lecture,146,3,10.868
Large lecture,147,1,3.588
Large lecture,147,2,7.213
Large lecture,147,3,10.782
Large lecture,148,1,3.519
Large lecture,148,2,7.08
Large lecture,148,3,10.767
Large lecture,149,1,3.542
Large lecture,149,2,7.029
Large lecture,149,3,10.575
Large lecture,150,1,3.694
Large lecture,150,2,7.3
Large lecture,150,3,10.936
Large lecture,151,1,3.593
Large lecture,151,2,7.168
Large lecture,151,3,10.589
Large lecture,152,1,3.669
Large lecture,152,2,7.188
Large lecture,152,3,10.705
Large lecture,153,1,3.571
Large lecture,153,2,7.12
Large lecture,153,3,10.779
Large lecture,154,1,3.643
Large lecture,154,2,7.226
Large lecture,154,3,10.946
Large lecture,155,1,3.666
Large lecture,155,2,7.323
Large lecture,155,3,10.834
Large lecture,156,1,3.619
Large lecture,156,2,7.209
Large lecture,156,3,10.669
Large lecture,157,1,3.57
Large lecture,157,2,7.166
Large lecture,157,3,10.697
Large lecture,158,1,3.561
Large lecture,158,2,7.23
Large lecture,158,3,10.829
Large lecture,159,1,3.651
Large lecture,159,2,7.398
Large lecture,159,3,11.098
Large lecture,160,1,3.605
Large lecture,160,2,7.158
Large lecture,160,3,10.759
Large lecture,161,1,3.612
Large lecture,161,2,7.172
Large lecture,161,3,10.758
Large lecture,162,1,3.659
Large lecture,162,2,7.285
Large lecture,162,3,10.859
Large lecture,163,1,3.616
Large lecture,163,2,7.202
Large lecture,163,3,10.877
Large lecture,164,1,3.643
Large lecture,164,2,7.084
Large lecture,164,3,10.649
Large lecture,165,1,3.693
Large lecture,165,2,7.268
Large lecture,165,3,10.886
Large lecture,166,1,3.49
Large lecture,166,2,6.989
Large lecture,166,3,10.559
Large lecture,167,1,3.489
Large lecture,167,2,7.065
Large lecture,167,3,10.515
Large lecture,168,1,3.51
Large lecture,168,2,7.049
Large lecture,168,3,10.613
Large lecture,169,1,3.596
Large lecture,169,2,7.114
Large lecture,169,3,10.655
Large lecture,170,1,3.623
Large lecture,170,2,7.315
Large lecture,170,3,10.902
Large lecture,171,1,3.564
Large lecture,171,2,7.231
Large lecture,171,3,10.821
Large lecture,172,1,3.602
Large lecture,172,2,7.168
Large lecture,172,3,10.846
Large lecture,173,1,3.608
Large lecture,173,2,7.228
Large lecture,173,3,10.939
Large lecture,174,1,3.557
Large lecture,174,2,7.141
Large lecture,174,3,10.758
Large lecture,175,1,3.639
Large lecture,175,2,7.132
Large lecture,175,3,10.693
Large lecture,176,1,3.587
Large lecture,176,2,7.119
Large lecture,176,3,10.622
Large lecture,177,1,3.641
Large lecture,177,2,7.22
Large lecture,177,3,10.66
Large lecture,178,1,3.618
Large lecture,178,2,7.321
Large lecture,178,3,11.058
Large lecture,179,1,3.47
Large lecture,179,2,7.016
Large lecture,179,3,10.574
Large lecture,180,1,3.654
Large lecture,180,2,7.235
Large lecture,180,3,10.804
Large lecture,181,1,3.641
Large lecture,181,2,7.2
Large lecture,181,3,10.724
Large lecture,182,1,3.54
Large lecture,182,2,7.191
Large lecture,182,3,10.771
Large lecture,183,1,3.561
Large lecture,183,2,7.077
Large lecture,183,3,10.685
Large lecture,184,1,3.561
Large lecture,184,2,7.097
Large lecture,184,3,10.709
Large lecture,185,1,3.533
Large lecture,185,2,7.197
Large lecture,185,3,10.824
Large lecture,186,1,3.609
Large lecture,186,2,7.192
Large lecture,186,3,10.764
Large lecture,187,1,3.508
Large lecture,187,2,7.138
Large lecture,187,3,10.694
Large lecture,188,1,3.531
Large lecture,188,2,7.06
Large lecture,188,3,10.756
Large lecture,189,1,3.491
Large lecture,189,2,7.045
Large lecture,189,3,10.628
Large lecture,190,1,3.654
Large lecture,190,2,7.192
Large lecture,190,3,10.945
Large lecture,191,1,3.518
Large lecture,191,2,7.025
Large lecture,191,3,10.578
Large lecture,192,1,3.555
Large lecture,192,2,7.148
Large lecture,192,3,10.794
Large lecture,193,1,3.529
Large lecture,193,2,7.167
Large lecture,193,3,10.761
Large lecture,194,1,3.587
Large lecture,194,2,7.229
Large lecture,194,3,10.81
Large lecture,195,1,3.669
Large lecture,195,2,7.313
Large lecture,195,3,10.901
Large lecture,196,1,3.633
Large lecture,196,2,7.206
Large lecture,196,3,10.68
Large lecture,197,1,3.48
Large lecture,197,2,7.05
Large lecture,197,3,10.619
Large lecture,198,1,3.538
Large lecture,198,2,7.105
Large lecture,198,3,10.783
Large lecture,199,1,3.668
Large lecture,199,2,7.289
Large lecture,199,3,10.828
Large lecture,200,1,3.617
Large lecture,200,2,7.125
Large lecture,200,3,10.73
Large lecture,201,1,3.613
Large lecture,201,2,7.204
Large lecture,201,3,10.669
Large lecture,202,1,3.585
Large lecture,202,2,7.179
Large lecture,202,3,10.651
Large lecture,203,1,3.652
Large lecture,203,2,7.264
Large lecture,203,3,10.746
Large lecture,204,1,3.562
Large lecture,204,2,7.164
Large lecture,204,3,10.792
Large lecture,205,1,3.607
Large lecture,205,2,7.149
Large lecture,205,3,10.786
Large lecture,206,1,3.667
Large lecture,206,2,7.361
Large lecture,206,3,10.919
Large lecture,207,1,3.559
Large lecture,207,2,7.198
Large lecture,207,3,10.788
Large lecture,208,1,3.592
Large lecture,208,2,7.139
Large lecture,208,3,10.701
Large lecture,209,1,3.558
Large lecture,209,2,7.184
Large lecture,209,3,10.848
Large lecture,210,1,3.641
Large lecture,210,2,7.203
Large lecture,210,3,10.658
Large lecture,211,1,3.526
Large lecture,211,2,7.159
Large lecture,211,3,10.768
Large lecture,212,1,3.609
Large lecture,212,2,7.233
Large lecture,212,3,10.75
Large lecture,213,1,3.593
Large lecture,213,2,7.218
Large lecture,213,3,10.79
Large lecture,214,1,3.585
Large lecture,214,2,7.129
Large lecture,214,3,10.727
Large lecture,215,1,3.561
Large lecture,215,2,7.162
Large lecture,215,3,10.816
Large lecture,216,1,3.587
Large lecture,216,2,7.141
Large lecture,216,3,10.759
Large lecture,217,1,3.594
Large lecture,217,2,7.344
Large lecture,217,3,10.919
Large lecture,218,1,3.612
Large lecture,218,2,7.254
Large lecture,218,3,10.75
Large lecture,219,1,3.44
Large lecture,219,2,7.028
Large lecture,219,3,10.64
Large lecture,220,1,3.646
Large lecture,220,2,7.283
Large lecture,220,3,10.882
Large lecture,221,1,3.591
Large lecture,221,2,7.143
Large lecture,221,3,10.632
Large lecture,222,1,3.59
Large lecture,222,2,7.15
Large lecture,222,3,10.732
Large lecture,223,1,3.641
Large lecture,223,2,7.312
Large lecture,223,3,10.85
Large lecture,224,1,3.695
Large lecture,224,2,7.218
Large lecture,224,3,10.752
Large lecture,225,1,3.626
Large lecture,225,2,7.214
Large lecture,225,3,10.85
Large lecture,226,1,3.657
Large lecture,226,2,7.192
Large lecture,226,3,10.737
Large lecture,227,1,3.571
Large lecture,227,2,7.14
Large lecture,227,3,10.774
Large lecture,228,1,3.632
Large lecture,228,2,7.331
Large lecture,228,3,10.849
Large lecture,229,1,3.74
Large lecture,229,2,7.271
Large lecture,229,3,10.85
Large lecture,230,1,3.593
Large lecture,230,2,7.075
Large lecture,230,3,10.692
Large lecture,231,1,3.607
Large lecture,231,2,7.207
Large lecture,231,3,10.694
Large lecture,232,1,3.578
Large lecture,232,2,7.216
Large lecture,232,3,10.829
Large lecture,233,1,3.588
Large lecture,233,2,7.217
Large lecture,233,3,10.794
Large lecture,234,1,3.625
Large lecture,234,2,7.172
Large lecture,234,3,10.734
Large lecture,235,1,3.59
Large lecture,235,2,7.211
Large lecture,235,3,10.793
Large lecture,236,1,3.509
Large lecture,236,2,7.125
Large lecture,236,3,10.757
Large lecture,237,1,3.571
Large lecture,237,2,7.252
Large lecture,237,3,10.985
Large lecture,238,1,3.61
Large lecture,238,2,7.141
Large lecture,238,3,10.819
Large lecture,239,1,3.511
Large lecture,239,2,7.146
Large lecture,239,3,10.809
Large lecture,240,1,3.655
Large lecture,240,2,7.225
Large lecture,240,3,10.848
Large lecture,241,1,3.707
Large lecture,241,2,7.319
Large lecture,241,3,10.95
Large lecture,242,1,3.484
Large lecture,242,2,7.094
Large lecture,242,3,10.654
Large lecture,243,1,3.668
Large lecture,243,2,7.234
Large lecture,243,3,10.867
Large lecture,244,1,3.556
Large lecture,244,2,7.065
Large lecture,244,3,10.575
Large lecture,245,1,3.624
Large lecture,245,2,7.234
Large lecture,245,3,10.806
Large lecture,246,1,3.689
Large lecture,246,2,7.294
Large lecture,246,3,11.024
Large lecture,247,1,3.553
Large lecture,247,2,7.203
Large lecture,247,3,10.808
Large lecture,248,1,3.612
Large lecture,248,2,7.283
Large lecture,248,3,10.896
Large lecture,249,1,3.57
Large lecture,249,2,7.044
Large lecture,249,3,10.663
Large lecture,250,1,3.648
Large lecture,250,2,7.32
Large lecture,250,3,10.841
Large lecture,251,1,3.623
Large lecture,251,2,7.258
Large lecture,251,3,10.872
Large lecture,252,1,3.529
Large lecture,252,2,7.081
Large lecture,252,3,10.684
Large lecture,253,1,3.547
Large lecture,253,2,7.212
Large lecture,253,3,10.881
Large lecture,254,1,3.555
Large lecture,254,2,7.122
Large lecture,254,3,10.702
Large lecture,255,1,3.62
Large lecture,255,2,7.267
Large lecture,255,3,10.853
Large lecture,256,1,3.531
Large lecture,256,2,7.171
Large lecture,256,3,10.87
Large lecture,257,1,3.656
Large lecture,257,2,7.355
Large lecture,257,3,10.803
Large lecture,258,1,3.534
Large lecture,258,2,7.039
Large lecture,258,3,10.672
Large lecture,259,1,3.572
Large lecture,259,2,7.275
Large lecture,259,3,10.946
Large lecture,260,1,3.551
Large lecture,260,2,7.165
Large lecture,260,3,10.741
Large lecture,261,1,3.635
Large lecture,261,2,7.231
Large lecture,261,3,10.795
Large lecture,262,1,3.542
Large lecture,262,2,7.188
Large lecture,262,3,10.722
Large lecture,263,1,3.518
Large lecture,263,2,7.079
Large lecture,263,3,10.647
Large lecture,264,1,3.66
Large lecture,264,2,7.293
Large lecture,264,3,10.921
Large lecture,265,1,3.54
Large lecture,265,2,7.228
Large lecture,265,3,10.91
Large lecture,266,1,3.597
Large lecture,266,2,7.298
Large lecture,266,3,10.997
Large lecture,267,1,3.629
Large lecture,267,2,7.216
Large lecture,267,3,10.798
Large lecture,268,1,3.763
Large lecture,268,2,7.415
Large lecture,268,3,11.045
Large lecture,269,1,3.602
Large lecture,269,2,7.234
Large lecture,269,3,10.813
Large lecture,270,1,3.632
Large lecture,270,2,7.124
Large lecture,270,3,10.696
Large lecture,271,1,3.715
Large lecture,271,2,7.279
Large lecture,271,3,10.816
Large lecture,272,1,3.577
Large lecture,272,2,7.203
Large lecture,272,3,10.731
Large lecture,273,1,3.622
Large lecture,273,2,7.265
Large lecture,273,3,10.801
Large lecture,274,1,3.575
Large lecture,274,2,7.18
Large lecture,274,3,10.72
Large lecture,275,1,3.492
Large lecture,275,2,6.975
Large lecture,275,3,10.633
Large lecture,276,1,3.447
Large lecture,276,2,6.993
Large lecture,276,3,10.607
Large lecture,277,1,3.673
Large lecture,277,2,7.368
Large lecture,277,3,10.954
Large lecture,278,1,3.488
Large lecture,278,2,6.946
Large lecture,278,3,10.551
Large lecture,279,1,3.597
Large lecture,279,2,7.152
Large lecture,279,3,10.772
Large lecture,280,1,3.569
Large lecture,280,2,7.143
Large lecture,280,3,10.633
Large lecture,281,1,3.634
Large lecture,281,2,7.164
Large lecture,281,3,10.689
Large lecture,282,1,3.539
Large lecture,282,2,7.155
Large lecture,282,3,10.655
Large lecture,283,1,3.541
Large lecture,283,2,7.045
Large lecture,283,3,10.651
Large lecture,284,1,3.642
Large lecture,284,2,7.192
Large lecture,284,3,10.732
Large lecture,285,1,3.496
Large lecture,285,2,7.027
Large lecture,285,3,10.712
Large lecture,286,1,3.525
Large lecture,286,2,7.213
Large lecture,286,3,10.778
Large lecture,287,1,3.552
Large lecture,287,2,7.27
Large lecture,287,3,10.911
Large lecture,288,1,3.512
Large lecture,288,2,7.103
Large lecture,288,3,10.676
Large lecture,289,1,3.509
Large lecture,289,2,7.122
Large lecture,289,3,10.631
Large lecture,290,1,3.578
Large lecture,290,2,7.13
Large lecture,290,3,10.666
Large lecture,291,1,3.603
Large lecture,291,2,7.115
Large lecture,291,3,10.744
Large lecture,292,1,3.526
Large lecture,292,2,7.126
Large lecture,292,3,10.644
Large lecture,293,1,3.591
Large lecture,293,2,7.264
Large lecture,293,3,10.865
Large lecture,294,1,3.708
Large lecture,294,2,7.283
Large lecture,294,3,10.853
Large lecture,295,1,3.651
Large lecture,295,2,7.209
Large lecture,295,3,10.721
Large lecture,296,1,3.509
Large lecture,296,2,7.102
Large lecture,296,3,10.692
Large lecture,297,1,3.664
Large lecture,297,2,7.242
Large lecture,297,3,10.845
Large lecture,298,1,3.664
Large lecture,298,2,7.295
Large lecture,298,3,10.905
Large lecture,299,1,3.616
Large lecture,299,2,7.177
Large lecture,299,3,10.882
Large lecture,300,1,3.478
Large lecture,300,2,7.079
Large lecture,300,3,10.616
Large lecture,301,1,3.679
Large lecture,301,2,7.313
Large lecture,301,3,10.915
Large lecture,302,1,3.631
Large lecture,302,2,7.233
Large lecture,302,3,10.792
Large lecture,303,1,3.643
Large lecture,303,2,7.255
Large lecture,303,3,10.964
Large lecture,304,1,3.619
Large lecture,304,2,7.153
Large lecture,304,3,10.754
Large lecture,305,1,3.587
Large lecture,305,2,7.201
Large lecture,305,3,10.75
Large lecture,306,1,3.656
Large lecture,306,2,7.317
Large lecture,306,3,10.935
Large lecture,307,1,3.637
Large lecture,307,2,7.309
Large lecture,307,3,10.822
Large lecture,308,1,3.644
Large lecture,308,2,7.219
Large lecture,308,3,10.852
Large lecture,309,1,3.599
Large lecture,309,2,7.21
Large lecture,309,3,10.766
Large lecture,310,1,3.558
Large lecture,310,2,7.203
Large lecture,310,3,10.778
Large lecture,311,1,3.492
Large lecture,311,2,7.065
Large lecture,311,3,10.671
Large lecture,312,1,3.737
Large lecture,312,2,7.424
Large lecture,312,3,11.031
Large lecture,313,1,3.563
Large lecture,313,2,7.202
Large lecture,313,3,10.763
Large lecture,314,1,3.56
Large lecture,314,2,7.152
Large lecture,314,3,10.754
Large lecture,315,1,3.53
Large lecture,315,2,7.098
Large lecture,315,3,10.706
Large lecture,316,1,3.629
Large lecture,316,2,7.206
Large lecture,316,3,10.853
Large lecture,317,1,3.617
Large lecture,317,2,7.222
Large lecture,317,3,10.778
Large lecture,318,1,3.707
Large lecture,318,2,7.28
Large lecture,318,3,10.916
Large lecture,319,1,3.622
Large lecture,319,2,7.164
Large lecture,319,3,10.803
Large lecture,320,1,3.6
Large lecture,320,2,7.163
Large lecture,320,3,10.706
Large lecture,321,1,3.578
Large lecture,321,2,7.123
Large lecture,321,3,10.823
Large lecture,322,1,3.562
Large lecture,322,2,7.229
Large lecture,322,3,10.728
Large lecture,323,1,3.581
Large lecture,323,2,7.266
Large lecture,323,3,10.952
Large lecture,324,1,3.618
Large lecture,324,2,7.308
Large lecture,324,3,10.809
Large lecture,325,1,3.439
Large lecture,325,2,7.059
Large lecture,325,3,10.666
Large lecture,326,1,3.506
Large lecture,326,2,7.155
Large lecture,326,3,10.817
Large lecture,327,1,3.487
Large lecture,327,2,6.984
Large lecture,327,3,10.491
Large lecture,328,1,3.55
Large lecture,328,2,7.177
Large lecture,328,3,10.738
Large lecture,329,1,3.613
Large lecture,329,2,7.255
Large lecture,329,3,10.797
Large lecture,330,1,3.506
Large lecture,330,2,7.185
Large lecture,330,3,10.656
Large lecture,331,1,3.611
Large lecture,331,2,7.217
Large lecture,331,3,10.834
Large lecture,332,1,3.492
Large lecture,332,2,7.044
Large lecture,332,3,10.648
Large lecture,333,1,3.625
Large lecture,333,2,7.226
Large lecture,333,3,10.801
Large lecture,334,1,3.583
Large lecture,334,2,7.309
Large lecture,334,3,10.921
Large lecture,335,1,3.502
Large lecture,335,2,7.012
Large lecture,335,3,10.584
Large lecture,336,1,3.55
Large lecture,336,2,7.082
Large lecture,336,3,10.628
Large lecture,337,1,3.616
Large lecture,337,2,7.14
Large lecture,337,3,10.894
Large lecture,338,1,3.62
Large lecture,338,2,7.198
Large lecture,338,3,10.897
Large lecture,339,1,3.611
Large lecture,339,2,7.148
Large lecture,339,3,10.761
Large lecture,340,1,3.5
Large lecture,340,2,7.146
Large lecture,340,3,10.778
Large lecture,341,1,3.573
Large lecture,341,2,7.207
Large lecture,341,3,10.878
Large lecture,342,1,3.604
Large lecture,342,2,7.062
Large lecture,342,3,10.628
Large lecture,343,1,3.573
Large lecture,343,2,7.272
Large lecture,343,3,10.876
Large lecture,344,1,3.751
Large lecture,344,2,7.358
Large lecture,344,3,11.023
Large lecture,345,1,3.698
Large lecture,345,2,7.274
Large lecture,345,3,10.803
Large lecture,346,1,3.577
Large lecture,346,2,7.225
Large lecture,346,3,10.834
Large lecture,347,1,3.649
Large lecture,347,2,7.226
Large lecture,347,3,10.846
Large lecture,348,1,3.596
Large lecture,348,2,7.201
Large lecture,348,3,10.792
Large lecture,349,1,3.646
Large lecture,349,2,7.221
Large lecture,349,3,10.766
Large lecture,350,1,3.536
Large lecture,350,2,7.11
Large lecture,350,3,10.678
Large lecture,351,1,3.457
Large lecture,351,2,7.151
Large lecture,351,3,10.608
Large lecture,352,1,3.546
Large lecture,352,2,7.143
Large lecture,352,3,10.649
Large lecture,353,1,3.517
Large lecture,353,2,7.129
Large lecture,353,3,10.762
Large lecture,354,1,3.617
Large lecture,354,2,7.328
Large lecture,354,3,10.961
Large lecture,355,1,3.595
Large lecture,355,2,7.304
Large lecture,355,3,10.962
Large lecture,356,1,3.475
Large lecture,356,2,7.163
Large lecture,356,3,10.744
Large lecture,357,1,3.595
Large lecture,357,2,7.178
Large lecture,357,3,10.683
Large lecture,358,1,3.608
Large lecture,358,2,7.249
Large lecture,358,3,10.816
Large lecture,359,1,3.542
Large lecture,359,2,7.13
Large lecture,359,3,10.748
Large lecture,360,1,3.606
Large lecture,360,2,7.178
Large lecture,360,3,10.813
Large lecture,361,1,3.662
Large lecture,361,2,7.261
Large lecture,361,3,10.902
Large lecture,362,1,3.602
Large lecture,362,2,7.103
Large lecture,362,3,10.64
Large lecture,363,1,3.498
Large lecture,363,2,7.049
Large lecture,363,3,10.668
Large lecture,364,1,3.559
Large lecture,364,2,7.22
Large lecture,364,3,10.789
Large lecture,365,1,3.587
Large lecture,365,2,7.107
Large lecture,365,3,10.631
Large lecture,366,1,3.549
Large lecture,366,2,7.089
Large lecture,366,3,10.759
Large lecture,367,1,3.491
Large lecture,367,2,7.119
Large lecture,367,3,10.623
Large lecture,368,1,3.55
Large lecture,368,2,7.039
Large lecture,368,3,10.732
Large lecture,369,1,3.746
Large lecture,369,2,7.277
Large lecture,369,3,10.886
Large lecture,370,1,3.604
Large lecture,370,2,7.125
Large lecture,370,3,10.694
Large lecture,371,1,3.584
Large lecture,371,2,7.222
Large lecture,371,3,10.786
Large lecture,372,1,3.561
Large lecture,372,2,7.142
Large lecture,372,3,10.685
Large lecture,373,1,3.58
Large lecture,373,2,7.166
Large lecture,373,3,10.684
Large lecture,374,1,3.673
Large lecture,374,2,7.235
Large lecture,374,3,10.802
Large lecture,375,1,3.679
Large lecture,375,2,7.237
Large lecture,375,3,10.825
Large lecture,376,1,3.672
Large lecture,376,2,7.293
Large lecture,376,3,10.887
Large lecture,377,1,3.64
Large lecture,377,2,7.258
Large lecture,377,3,10.982
Large lecture,378,1,3.566
Large lecture,378,2,7.195
Large lecture,378,3,10.9
Large lecture,379,1,3.585
Large lecture,379,2,7.11
Large lecture,379,3,10.75
Large lecture,380,1,3.573
Large lecture,380,2,7.216
Large lecture,380,3,10.775
Large lecture,381,1,3.5
Large lecture,381,2,7.111
Large lecture,381,3,10.682
Large lecture,382,1,3.623
Large lecture,382,2,7.075
Large lecture,382,3,10.734
Large lecture,383,1,3.636
Large lecture,383,2,7.108
Large lecture,383,3,10.743
Large lecture,384,1,3.566
Large lecture,384,2,7.301
Large lecture,384,3,10.824
Large lecture,385,1,3.623
Large lecture,385,2,7.211
Large lecture,385,3,10.709
Large lecture,386,1,3.627
Large lecture,386,2,7.287
Large lecture,386,3,10.837
Large lecture,387,1,3.616
Large lecture,387,2,7.186
Large lecture,387,3,10.813
Large lecture,388,1,3.552
Large lecture,388,2,7.183
Large lecture,388,3,10.676
Large lecture,389,1,3.739
Large lecture,389,2,7.447
Large lecture,389,3,11.071
Large lecture,390,1,3.512
Large lecture,390,2,7.072
Large lecture,390,3,10.55
Large lecture,391,1,3.648
Large lecture,391,2,7.256
Large lecture,391,3,10.89
Large lecture,392,1,3.519
Large lecture,392,2,7.084
Large lecture,392,3,10.765
Large lecture,393,1,3.44
Large lecture,393,2,7.005
Large lecture,393,3,10.595
Large lecture,394,1,3.554
Large lecture,394,2,7.258
Large lecture,394,3,10.814
Large lecture,395,1,3.665
Large lecture,395,2,7.166
Large lecture,395,3,10.684
Large lecture,396,1,3.658
Large lecture,396,2,7.245
Large lecture,396,3,10.82
Large lecture,397,1,3.572
Large lecture,397,2,7.173
Large lecture,397,3,10.718
Large lecture,398,1,3.535
Large lecture,398,2,7.103
Large lecture,398,3,10.65
Large lecture,399,1,3.619
Large lecture,399,2,7.182
Large lecture,399,3,10.723
Large lecture,400,1,3.647
Large lecture,400,2,7.186
Large lecture,400,3,10.783
Large lecture,401,1,3.532
Large lecture,401,2,7.083
Large lecture,401,3,10.579
Large lecture,402,1,3.549
Large lecture,402,2,7.151
Large lecture,402,3,10.672
Large lecture,403,1,3.619
Large lecture,403,2,7.296
Large lecture,403,3,10.795
Large lecture,404,1,3.611
Large lecture,404,2,7.263
Large lecture,404,3,10.823
Large lecture,405,1,3.574
Large lecture,405,2,7.121
Large lecture,405,3,10.726
Large lecture,406,1,3.541
Large lecture,406,2,7.075
Large lecture,406,3,10.669
Large lecture,407,1,3.606
Large lecture,407,2,7.198
Large lecture,407,3,10.913
Large lecture,408,1,3.588
Large lecture,408,2,7.227
Large lecture,408,3,10.783
Large lecture,409,1,3.512
Large lecture,409,2,7.119
Large lecture,409,3,10.832
Large lecture,410,1,3.527
Large lecture,410,2,7.192
Large lecture,410,3,10.696
Large lecture,411,1,3.543
Large lecture,411,2,7.028
Large lecture,411,3,10.661
Large lecture,412,1,3.56
Large lecture,412,2,7.281
Large lecture,412,3,10.896
Large lecture,413,1,3.548
Large lecture,413,2,7.182
Large lecture,413,3,10.773
Large lecture,414,1,3.546
Large lecture,414,2,7.204
Large lecture,414,3,10.874
Large lecture,415,1,3.553
Large lecture,415,2,7.112
Large lecture,415,3,10.627
Large lecture,416,1,3.619
Large lecture,416,2,7.142
Large lecture,416,3,10.68
Large lecture,417,1,3.524
Large lecture,417,2,7.086
Large lecture,417,3,10.705
Large lecture,418,1,3.58
Large lecture,418,2,7.132
Large lecture,418,3,10.73
Large lecture,419,1,3.497
Large lecture,419,2,7.113
Large lecture,419,3,10.716
Large lecture,420,1,3.615
Large lecture,420,2,7.242
Large lecture,420,3,10.851
Large lecture,421,1,3.576
Large lecture,421,2,7.033
Large lecture,421,3,10.501
Large lecture,422,1,3.64
Large lecture,422,2,7.149
Large lecture,422,3,10.64
Large lecture,423,1,3.548
Large lecture,423,2,7.145
Large lecture,423,3,10.698
Large lecture,424,1,3.625
Large lecture,424,2,7.223
Large lecture,424,3,10.915
Large lecture,425,1,3.553
Large lecture,425,2,7.212
Large lecture,425,3,10.74
Large lecture,426,1,3.605
Large lecture,426,2,7.201
Large lecture,426,3,10.783
Large lecture,427,1,3.634
Large lecture,427,2,7.227
Large lecture,427,3,10.915
Large lecture,428,1,3.609
Large lecture,428,2,7.201
Large lecture,428,3,10.812
Large lecture,429,1,3.557
Large lecture,429,2,7.057
Large lecture,429,3,10.717
Large lecture,430,1,3.602
Large lecture,430,2,7.145
Large lecture,430,3,10.751
Large lecture,431,1,3.556
Large lecture,431,2,7.138
Large lecture,431,3,10.705
Large lecture,432,1,3.534
Large lecture,432,2,7.042
Large lecture,432,3,10.713
Large lecture,433,1,3.599
Large lecture,433,2,7.263
Large lecture,433,3,10.913
Large lecture,434,1,3.505
Large lecture,434,2,7.216
Large lecture,434,3,10.849
Large lecture,435,1,3.578
Large lecture,435,2,7.103
Large lecture,435,3,10.673
Large lecture,436,1,3.592
Large lecture,436,2,7.245
Large lecture,436,3,10.99
Large lecture,437,1,3.585
Large lecture,437,2,7.163
Large lecture,437,3,10.609
Large lecture,438,1,3.522
Large lecture,438,2,7.095
Large lecture,438,3,10.684
Large lecture,439,1,3.478
Large lecture,439,2,7.162
Large lecture,439,3,10.779
Large lecture,440,1,3.589
Large lecture,440,2,7.087
Large lecture,440,3,10.656
Large lecture,441,1,3.61
Large lecture,441,2,7.291
Large lecture,441,3,10.915
Large lecture,442,1,3.598
Large lecture,442,2,7.316
Large lecture,442,3,10.918
Large lecture,443,1,3.549
Large lecture,443,2,7.252
Large lecture,443,3,10.81
Large lecture,444,1,3.539
Large lecture,444,2,7.177
Large lecture,444,3,10.683
Large lecture,445,1,3.613
Large lecture,445,2,7.254
Large lecture,445,3,10.935
Large lecture,446,1,3.572
Large lecture,446,2,7.125
Large lecture,446,3,10.69
Large lecture,447,1,3.536
Large lecture,447,2,7.201
Large lecture,447,3,10.814
Large lecture,448,1,3.608
Large lecture,448,2,7.266
Large lecture,448,3,10.885
Large lecture,449,1,3.615
Large lecture,449,2,7.177
Large lecture,449,3,10.757
Large lecture,450,1,3.647
Large lecture,450,2,7.301
Large lecture,450,3,10.919
Large lecture,451,1,3.542
Large lecture,451,2,7.102
Large lecture,451,3,10.808
Large lecture,452,1,3.576
Large lecture,452,2,7.181
Large lecture,452,3,10.735
Large lecture,453,1,3.649
Large lecture,453,2,7.232
Large lecture,453,3,10.838
Large lecture,454,1,3.501
Large lecture,454,2,7.127
Large lecture,454,3,10.789
Large lecture,455,1,3.507
Large lecture,455,2,7.165
Large lecture,455,3,10.792
Large lecture,456,1,3.704
Large lecture,456,2,7.363
Large lecture,456,3,10.883
Large lecture,457,1,3.667
Large lecture,457,2,7.273
Large lecture,457,3,10.871
Large lecture,458,1,3.645
Large lecture,458,2,7.288
Large lecture,458,3,10.933
Large lecture,459,1,3.683
Large lecture,459,2,7.356
Large lecture,459,3,10.978
Large lecture,460,1,3.645
Large lecture,460,2,7.114
Large lecture,460,3,10.726
Large lecture,461,1,3.631
Large lecture,461,2,7.256
Large lecture,461,3,10.872
Large lecture,462,1,3.697
Large lecture,462,2,7.352
Large lecture,462,3,10.994
Large lecture,463,1,3.587
Large lecture,463,2,7.182
Large lecture,463,3,10.832
Large lecture,464,1,3.501
Large lecture,464,2,7.087
Large lecture,464,3,10.635
Large lecture,465,1,3.552
Large lecture,465,2,7.106
Large lecture,465,3,10.719
Large lecture,466,1,3.662
Large lecture,466,2,7.267
Large lecture,466,3,10.877
Large lecture,467,1,3.577
Large lecture,467,2,7.205
Large lecture,467,3,10.747
Large lecture,468,1,3.668
Large lecture,468,2,7.279
Large lecture,468,3,10.897
Large lecture,469,1,3.584
Large lecture,469,2,7.259
Large lecture,469,3,10.837
Large lecture,470,1,3.542
Large lecture,470,2,7.148
Large lecture,470,3,10.786
Large lecture,471,1,3.571
Large lecture,471,2,7.178
Large lecture,471,3,10.681
Large lecture,472,1,3.476
Large lecture,472,2,7.08
Large lecture,472,3,10.766
Large lecture,473,1,3.636
Large lecture,473,2,7.222
Large lecture,473,3,10.825
Large lecture,474,1,3.552
Large lecture,474,2,7.131
Large lecture,474,3,10.738
Large lecture,475,1,3.611
Large lecture,475,2,7.187
Large lecture,475,3,10.764
Large lecture,476,1,3.626
Large lecture,476,2,7.217
Large lecture,476,3,10.769
Large lecture,477,1,3.586
Large lecture,477,2,7.1
Large lecture,477,3,10.794
Large lecture,478,1,3.691
Large lecture,478,2,7.313
Large lecture,478,3,10.918
Large lecture,479,1,3.548
Large lecture,479,2,7.149
Large lecture,479,3,10.738
Large lecture,480,1,3.569
Large lecture,480,2,7.101
Large lecture,480,3,10.656
Large lecture,481,1,3.705
Large lecture,481,2,7.204
Large lecture,481,3,10.727
Large lecture,482,1,3.526
Large lecture,482,2,7.124
Large lecture,482,3,10.708
Large lecture,483,1,3.649
Large lecture,483,2,7.247
Large lecture,483,3,10.859
Large lecture,484,1,3.557
Large lecture,484,2,7.13
Large lecture,484,3,10.732
Large lecture,485,1,3.624
Large lecture,485,2,7.157
Large lecture,485,3,10.729
Large lecture,486,1,3.509
Large lecture,486,2,7.227
Large lecture,486,3,10.778
Large lecture,487,1,3.621
Large lecture,487,2,7.121
Large lecture,487,3,10.728
Large lecture,488,1,3.526
Large lecture,488,2,7.166
Large lecture,488,3,10.723
Large lecture,489,1,3.583
Large lecture,489,2,7.163
Large lecture,489,3,10.856
Large lecture,490,1,3.583
Large lecture,490,2,7.289
Large lecture,490,3,10.855
Large lecture,491,1,3.532
Large lecture,491,2,7.312
Large lecture,491,3,10.837
Large lecture,492,1,3.584
Large lecture,492,2,7.215
Large lecture,492,3,10.873
Large lecture,493,1,3.615
Large lecture,493,2,7.228
Large lecture,493,3,10.791
Large lecture,494,1,3.695
Large lecture,494,2,7.38
Large lecture,494,3,10.976
Large lecture,495,1,3.545
Large lecture,495,2,7.168
Large lecture,495,3,10.72
Large lecture,496,1,3.619
Large lecture,496,2,7.137
Large lecture,496,3,10.758
Large lecture,497,1,3.657
Large lecture,497,2,7.169
Large lecture,497,3,10.649
Large lecture,498,1,3.518
Large lecture,498,2,7.107
Large lecture,498,3,10.658
Large lecture,499,1,3.543
Large lecture,499,2,7.111
Large lecture,499,3,10.745
Open MOOC,0,1,5.412
Open MOOC,0,2,10.889
Open MOOC,0,3,16.234
Open MOOC,1,1,5.507
Open MOOC,1,2,10.92
Open MOOC,1,3,16.183
Open MOOC,2,1,5.385
Open MOOC,2,2,10.933
Open MOOC,2,3,16.241
Open MOOC,3,1,5.347
Open MOOC,3,2,10.701
Open MOOC,3,3,16.21
Open MOOC,4,1,5.345
Open MOOC,4,2,10.734
Open MOOC,4,3,16.184
Open MOOC,5,1,5.448
Open MOOC,5,2,10.886
Open MOOC,5,3,16.331
Open MOOC,6,1,5.427
Open MOOC,6,2,10.862
Open MOOC,6,3,16.327
Open MOOC,7,1,5.492
Open MOOC,7,2,10.83
Open MOOC,7,3,16.267
Open MOOC,8,1,5.5
Open MOOC,8,2,10.906
Open MOOC,8,3,16.192
Open MOOC,9,1,5.374
Open MOOC,9,2,10.793
Open MOOC,9,3,16.286
Open MOOC,10,1,5.432
Open MOOC,10,2,10.919
Open MOOC,10,3,16.465
Open MOOC,11,1,5.326
Open MOOC,11,2,10.717
Open MOOC,11,3,16.115
Open MOOC,12,1,5.404
Open MOOC,12,2,10.897
Open MOOC,12,3,16.243
Open MOOC,13,1,5.417
Open MOOC,13,2,10.857
Open MOOC,13,3,16.27
Open MOOC,14,1,5.399
Open MOOC,14,2,10.962
Open MOOC,14,3,16.319
Open MOOC,15,1,5.394
Open MOOC,15,2,10.832
Open MOOC,15,3,16.152
Open MOOC,16,1,5.371
Open MOOC,16,2,10.748
Open MOOC,16,3,16.181
Open MOOC,17,1,5.321
Open MOOC,17,2,10.913
Open MOOC,17,3,16.306
Open MOOC,18,1,5.415
Open MOOC,18,2,10.869
Open MOOC,18,3,16.334
Open MOOC,19,1,5.439
Open MOOC,19,2,10.777
Open MOOC,19,3,16.317
Open MOOC,20,1,5.342
Open MOOC,20,2,10.765
Open MOOC,20,3,16.144
Open MOOC,21,1,5.229
Open MOOC,21,2,10.711
Open MOOC,21,3,16.239
Open MOOC,22,1,5.539
Open MOOC,22,2,10.906
Open MOOC,22,3,16.286
Open MOOC,23,1,5.327
Open MOOC,23,2,10.763
Open MOOC,23,3,16.151
Open MOOC,24,1,5.462
Open MOOC,24,2,10.804
Open MOOC,24,3,16.254
Open MOOC,25,1,5.315
Open MOOC,25,2,10.701
Open MOOC,25,3,16.021
Open MOOC,26,1,5.476
Open MOOC,26,2,10.71
Open MOOC,26,3,16.214
Open MOOC,27,1,5.473
Open MOOC,27,2,10.968
Open MOOC,27,3,16.436
Open MOOC,28,1,5.265
Open MOOC,28,2,10.678
Open MOOC,28,3,16.113
Open MOOC,29,1,5.316
Open MOOC,29,2,10.728
Open MOOC,29,3,16.231
Open MOOC,30,1,5.342
Open MOOC,30,2,10.768
Open MOOC,30,3,16.09
Open MOOC,31,1,5.363
Open MOOC,31,2,10.886
Open MOOC,31,3,16.382
Open MOOC,32,1,5.38
Open MOOC,32,2,10.934
Open MOOC,32,3,16.312
Open MOOC,33,1,5.41
Open MOOC,33,2,10.794
Open MOOC,33,3,16.357
Open MOOC,34,1,5.459
Open MOOC,34,2,11.054
Open MOOC,34,3,16.558
Open MOOC,35,1,5.459
Open MOOC,35,2,10.925
Open MOOC,35,3,16.495
Open MOOC,36,1,5.385
Open MOOC,36,2,10.818
Open MOOC,36,3,16.267
Open MOOC,37,1,5.227
Open MOOC,37,2,10.664
Open MOOC,37,3,16.163
Open MOOC,38,1,5.536
Open MOOC,38,2,10.906
Open MOOC,38,3,16.335
Open MOOC,39,1,5.509
Open MOOC,39,2,11.034
Open MOOC,39,3,16.485
Open MOOC,40,1,5.482
Open MOOC,40,2,10.93
Open MOOC,40,3,16.459
Open MOOC,41,1,5.554
Open MOOC,41,2,11.022
Open MOOC,41,3,16.453
Open MOOC,42,1,5.363
Open MOOC,42,2,10.907
Open MOOC,42,3,16.378
Open MOOC,43,1,5.315
Open MOOC,43,2,10.728
Open MOOC,43,3,16.177
Open MOOC,44,1,5.377
Open MOOC,44,2,10.885
Open MOOC,44,3,16.28
Open MOOC,45,1,5.393
Open MOOC,45,2,10.826
Open MOOC,45,3,16.326
Open MOOC,46,1,5.33
Open MOOC,46,2,10.801
Open MOOC,46,3,16.218
Open MOOC,47,1,5.423
Open MOOC,47,2,10.716
Open MOOC,47,3,16.143
Open MOOC,48,1,5.443
Open MOOC,48,2,10.814
Open MOOC,48,3,16.16
Open MOOC,49,1,5.468
Open MOOC,49,2,10.846
Open MOOC,49,3,16.128
Open MOOC,50,1,5.442
Open MOOC,50,2,10.818
Open MOOC,50,3,16.267
Open MOOC,51,1,5.533
Open MOOC,51,2,11.002
Open MOOC,51,3,16.51
Open MOOC,52,1,5.603
Open MOOC,52,2,10.901
Open MOOC,52,3,16.36
Open MOOC,53,1,5.393
Open MOOC,53,2,10.942
Open MOOC,53,3,16.398
Open MOOC,54,1,5.515
Open MOOC,54,2,10.99
Open MOOC,54,3,16.419
Open MOOC,55,1,5.465
Open MOOC,55,2,11.025
Open MOOC,55,3,16.463
Open MOOC,56,1,5.546
Open MOOC,56,2,10.94
Open MOOC,56,3,16.31
Open MOOC,57,1,5.474
Open MOOC,57,2,10.888
Open MOOC,57,3,16.298
Open MOOC,58,1,5.475
Open MOOC,58,2,10.989
Open MOOC,58,3,16.519
Open MOOC,59,1,5.43
Open MOOC,59,2,10.846
Open MOOC,59,3,16.232
Open MOOC,60,1,5.299
Open MOOC,60,2,10.816
Open MOOC,60,3,16.233
Open MOOC,61,1,5.455
Open MOOC,61,2,10.92
Open MOOC,61,3,16.351
Open MOOC,62,1,5.454
Open MOOC,62,2,10.804
Open MOOC,62,3,16.132
Open MOOC,63,1,5.41
Open MOOC,63,2,10.929
Open MOOC,63,3,16.439
Open MOOC,64,1,5.386
Open MOOC,64,2,10.83
Open MOOC,64,3,16.294
Open MOOC,65,1,5.288
Open MOOC,65,2,10.857
Open MOOC,65,3,16.336
Open MOOC,66,1,5.37
Open MOOC,66,2,10.767
Open MOOC,66,3,16.339
Open MOOC,67,1,5.477
Open MOOC,67,2,10.942
Open MOOC,67,3,16.358
Open MOOC,68,1,5.554
Open MOOC,68,2,11.006
Open MOOC,68,3,16.421
Open MOOC,69,1,5.423
Open MOOC,69,2,10.877
Open MOOC,69,3,16.306
Open MOOC,70,1,5.416
Open MOOC,70,2,10.857
Open MOOC,70,3,16.189
Open MOOC,71,1,5.401
Open MOOC,71,2,10.845
Open MOOC,71,3,16.207
Open MOOC,72,1,5.359
Open MOOC,72,2,10.722
Open MOOC,72,3,16.137
Open MOOC,73,1,5.403
Open MOOC,73,2,10.895
Open MOOC,73,3,16.306
Open MOOC,74,1,5.549
Open MOOC,74,2,10.999
Open MOOC,74,3,16.307
Open MOOC,75,1,5.417
Open MOOC,75,2,10.978
Open MOOC,75,3,16.408
Open MOOC,76,1,5.384
Open MOOC,76,2,10.793
Open MOOC,76,3,16.242
Open MOOC,77,1,5.516
Open MOOC,77,2,10.99
Open MOOC,77,3,16.412
Open MOOC,78,1,5.546
Open MOOC,78,2,10.985
Open MOOC,78,3,16.461
Open MOOC,79,1,5.383
Open MOOC,79,2,10.888
Open MOOC,79,3,16.425
Open MOOC,80,1,5.415
Open MOOC,80,2,10.677
Open MOOC,80,3,16.077
Open MOOC,81,1,5.289
Open MOOC,81,2,10.743
Open MOOC,81,3,16.144
Open MOOC,82,1,5.259
Open MOOC,82,2,10.569
Open MOOC,82,3,16.074
Open MOOC,83,1,5.558
Open MOOC,83,2,10.981
Open MOOC,83,3,16.483
Open MOOC,84,1,5.441
Open MOOC,84,2,10.921
Open MOOC,84,3,16.412
Open MOOC,85,1,5.59
Open MOOC,85,2,11.072
Open MOOC,85,3,16.569
Open MOOC,86,1,5.467
Open MOOC,86,2,10.877
Open MOOC,86,3,16.325
Open MOOC,87,1,5.337
Open MOOC,87,2,10.784
Open MOOC,87,3,16.113
Open MOOC,88,1,5.459
Open MOOC,88,2,10.948
Open MOOC,88,3,16.557
Open MOOC,89,1,5.417
Open MOOC,89,2,10.857
Open MOOC,89,3,16.324
Open MOOC,90,1,5.569
Open MOOC,90,2,11.097
Open MOOC,90,3,16.473
Open MOOC,91,1,5.392
Open MOOC,91,2,10.694
Open MOOC,91,3,16.133
Open MOOC,92,1,5.424
Open MOOC,92,2,10.855
Open MOOC,92,3,16.159
Open MOOC,93,1,5.395
Open MOOC,93,2,10.844
Open MOOC,93,3,16.303
Open MOOC,94,1,5.43
Open MOOC,94,2,10.851
Open MOOC,94,3,16.319
Open MOOC,95,1,5.409
Open MOOC,95,2,10.982
Open MOOC,95,3,16.434
Open MOOC,96,1,5.427
Open MOOC,96,2,10.86
Open MOOC,96,3,16.289
Open MOOC,97,1,5.551
Open MOOC,97,2,11.014
Open MOOC,97,3,16.497
Open MOOC,98,1,5.47
Open MOOC,98,2,11.006
Open MOOC,98,3,16.354
Open MOOC,99,1,5.402
Open MOOC,99,2,10.886
Open MOOC,99,3,16.415
Open MOOC,100,1,5.435
Open MOOC,100,2,10.831
Open MOOC,100,3,16.112
Open MOOC,101,1,5.477
Open MOOC,101,2,10.903
Open MOOC,101,3,16.314
Open MOOC,102,1,5.462
Open MOOC,102,2,10.821
Open MOOC,102,3,16.278
Open MOOC,103,1,5.464
Open MOOC,103,2,10.898
Open MOOC,103,3,16.317
Open MOOC,104,1,5.587
Open MOOC,104,2,10.888
Open MOOC,104,3,16.267
Open MOOC,105,1,5.293
Open MOOC,105,2,10.785
Open MOOC,105,3,16.218
Open MOOC,106,1,5.391
Open MOOC,106,2,10.833
Open MOOC,106,3,16.343
Open MOOC,107,1,5.482
Open MOOC,107,2,10.891
Open MOOC,107,3,16.381
Open MOOC,108,1,5.554
Open MOOC,108,2,11.16
Open MOOC,108,3,16.652
Open MOOC,109,1,5.371
Open MOOC,109,2,10.78
Open MOOC,109,3,16.222
Open MOOC,110,1,5.459
Open MOOC,110,2,10.9
Open MOOC,110,3,16.47
Open MOOC,111,1,5.384
Open MOOC,111,2,10.867
Open MOOC,111,3,16.266
Open MOOC,112,1,5.519
Open MOOC,112,2,10.992
Open MOOC,112,3,16.458
Open MOOC,113,1,5.447
Open MOOC,113,2,10.818
Open MOOC,113,3,16.333
Open MOOC,114,1,5.428
Open MOOC,114,2,10.959
Open MOOC,114,3,16.345
Open MOOC,115,1,5.535
Open MOOC,115,2,10.932
Open MOOC,115,3,16.406
Open MOOC,116,1,5.464
Open MOOC,116,2,10.886
Open MOOC,116,3,16.296
Open MOOC,117,1,5.288
Open MOOC,117,2,10.716
Open MOOC,117,3,16.048
Open MOOC,118,1,5.385
Open MOOC,118,2,10.916
Open MOOC,118,3,16.351
Open MOOC,119,1,5.384
Open MOOC,119,2,10.701
Open MOOC,119,3,16.108
Open MOOC,120,1,5.483
Open MOOC,120,2,10.933
Open MOOC,120,3,16.41
Open MOOC,121,1,5.514
Open MOOC,121,2,11.005
Open MOOC,121,3,16.302
Open MOOC,122,1,5.398
Open MOOC,122,2,10.776
Open MOOC,122,3,16.221
Open MOOC,123,1,5.429
Open MOOC,123,2,10.707
Open MOOC,123,3,16.139
Open MOOC,124,1,5.406
Open MOOC,124,2,10.754
Open MOOC,124,3,16.104
Open MOOC,125,1,5.448
Open MOOC,125,2,10.846
Open MOOC,125,3,16.122
Open MOOC,126,1,5.488
Open MOOC,126,2,10.906
Open MOOC,126,3,16.388
Open MOOC,127,1,5.498
Open MOOC,127,2,10.988
Open MOOC,127,3,16.544
Open MOOC,128,1,5.408
Open MOOC,128,2,10.852
Open MOOC,128,3,16.226
Open MOOC,129,1,5.421
Open MOOC,129,2,10.859
Open MOOC,129,3,16.385
Open MOOC,130,1,5.531
Open MOOC,130,2,11.003
Open MOOC,130,3,16.525
Open MOOC,131,1,5.566
Open MOOC,131,2,10.935
Open MOOC,131,3,16.26
Open MOOC,132,1,5.424
Open MOOC,132,2,10.831
Open MOOC,132,3,16.367
Open MOOC,133,1,5.482
Open MOOC,133,2,10.8
Open MOOC,133,3,16.148
Open MOOC,134,1,5.489
Open MOOC,134,2,10.838
Open MOOC,134,3,16.513
Open MOOC,135,1,5.387
Open MOOC,135,2,10.786
Open MOOC,135,3,16.24
Open MOOC,136,1,5.467
Open MOOC,136,2,10.818
Open MOOC,136,3,16.308
Open MOOC,137,1,5.36
Open MOOC,137,2,10.693
Open MOOC,137,3,16.083
Open MOOC,138,1,5.369
Open MOOC,138,2,10.717
Open MOOC,138,3,16.194
Open MOOC,139,1,5.388
Open MOOC,139,2,10.869
Open MOOC,139,3,16.359
Open MOOC,140,1,5.407
Open MOOC,140,2,10.677
Open MOOC,140,3,16.123
Open MOOC,141,1,5.623
Open MOOC,141,2,10.963
Open MOOC,141,3,16.505
Open MOOC,142,1,5.404
Open MOOC,142,2,10.882
Open MOOC,142,3,16.239
Open MOOC,143,1,5.533
Open MOOC,143,2,10.918
Open MOOC,143,3,16.41
Open MOOC,144,1,5.366
Open MOOC,144,2,10.756
Open MOOC,144,3,16.198
Open MOOC,145,1,5.431
Open MOOC,145,2,10.769
Open MOOC,145,3,16.232
Open MOOC,146,1,5.444
Open MOOC,146,2,10.903
Open MOOC,146,3,16.204
Open MOOC,147,1,5.394
Open MOOC,147,2,10.814
Open MOOC,147,3,16.247
Open MOOC,148,1,5.394
Open MOOC,148,2,10.899
Open MOOC,148,3,16.357
Open MOOC,149,1,5.426
Open MOOC,149,2,10.87
Open MOOC,149,3,16.275
Open MOOC,150,1,5.463
Open MOOC,150,2,10.904
Open MOOC,150,3,16.381
Open MOOC,151,1,5.457
Open MOOC,151,2,10.907
Open MOOC,151,3,16.391
Open MOOC,152,1,5.358
Open MOOC,152,2,10.832
Open MOOC,152,3,16.363
Open MOOC,153,1,5.484
Open MOOC,153,2,10.935
Open MOOC,153,3,16.335
Open MOOC,154,1,5.428
Open MOOC,154,2,10.717
Open MOOC,154,3,16.267
Open MOOC,155,1,5.387
Open MOOC,155,2,10.779
Open MOOC,155,3,16.173
Open MOOC,156,1,5.524
Open MOOC,156,2,11.034
Open MOOC,156,3,16.556
Open MOOC,157,1,5.38
Open MOOC,157,2,10.727
Open MOOC,157,3,16.196
Open MOOC,158,1,5.44
Open MOOC,158,2,10.942
Open MOOC,158,3,16.325
Open MOOC,159,1,5.516
Open MOOC,159,2,11.008
Open MOOC,159,3,16.468
Open MOOC,160,1,5.354
Open MOOC,160,2,10.726
Open MOOC,160,3,16.19
Open MOOC,161,1,5.429
Open MOOC,161,2,10.771
Open MOOC,161,3,16.128
Open MOOC,162,1,5.406
Open MOOC,162,2,10.831
Open MOOC,162,3,16.335
Open MOOC,163,1,5.316
Open MOOC,163,2,10.768
Open MOOC,163,3,16.156
Open MOOC,164,1,5.419
Open MOOC,164,2,10.836
Open MOOC,164,3,16.249
Open MOOC,165,1,5.34
Open MOOC,165,2,10.779
Open MOOC,165,3,16.079
Open MOOC,166,1,5.403
Open MOOC,166,2,10.695
Open MOOC,166,3,16.184
Open MOOC,167,1,5.366
Open MOOC,167,2,10.76
Open MOOC,167,3,16.123
Open MOOC,168,1,5.251
Open MOOC,168,2,10.69
Open MOOC,168,3,16.098
Open MOOC,169,1,5.516
Open MOOC,169,2,10.883
Open MOOC,169,3,16.417
Open MOOC,170,1,5.406
Open MOOC,170,2,10.835
Open MOOC,170,3,16.194
Open MOOC,171,1,5.472
Open MOOC,171,2,10.912
Open MOOC,171,3,16.309
Open MOOC,172,1,5.411
Open MOOC,172,2,10.944
Open MOOC,172,3,16.458
Open MOOC,173,1,5.382
Open MOOC,173,2,10.857
Open MOOC,173,3,16.17
Open MOOC,174,1,5.356
Open MOOC,174,2,10.824
Open MOOC,174,3,16.339
Open MOOC,175,1,5.361
Open MOOC,175,2,10.675
Open MOOC,175,3,16.062
Open MOOC,176,1,5.402
Open MOOC,176,2,10.771
Open MOOC,176,3,16.251
Open MOOC,177,1,5.467
Open MOOC,177,2,10.913
Open MOOC,177,3,16.349
Open MOOC,178,1,5.474
Open MOOC,178,2,10.807
Open MOOC,178,3,16.347
Open MOOC,179,1,5.483
Open MOOC,179,2,10.837
Open MOOC,179,3,16.317
Open MOOC,180,1,5.456
Open MOOC,180,2,10.898
Open MOOC,180,3,16.332
Open MOOC,181,1,5.489
Open MOOC,181,2,10.828
Open MOOC,181,3,16.251
Open MOOC,182,1,5.472
Open MOOC,182,2,10.961
Open MOOC,182,3,16.42
Open MOOC,183,1,5.435
Open MOOC,183,2,10.781
Open MOOC,183,3,16.099
Open MOOC,184,1,5.506
Open MOOC,184,2,10.954
Open MOOC,184,3,16.433
Open MOOC,185,1,5.472
Open MOOC,185,2,10.842
Open MOOC,185,3,16.238
Open MOOC,186,1,5.427
Open MOOC,186,2,10.777
Open MOOC,186,3,16.176
Open MOOC,187,1,5.376
Open MOOC,187,2,10.878
Open MOOC,187,3,16.405
Open MOOC,188,1,5.328
Open MOOC,188,2,10.736
Open MOOC,188,3,16.199
Open MOOC,189,1,5.455
Open MOOC,189,2,10.848
Open MOOC,189,3,16.388
Open MOOC,190,1,5.426
Open MOOC,190,2,10.883
Open MOOC,190,3,16.221
Open MOOC,191,1,5.426
Open MOOC,191,2,10.975
Open MOOC,191,3,16.44
Open MOOC,192,1,5.488
Open MOOC,192,2,10.957
Open MOOC,192,3,16.445
Open MOOC,193,1,5.304
Open MOOC,193,2,10.725
Open MOOC,193,3,16.14
Open MOOC,194,1,5.368
Open MOOC,194,2,10.9
Open MOOC,194,3,16.306
Open MOOC,195,1,5.644
Open MOOC,195,2,11.038
Open MOOC,195,3,16.34
Open MOOC,196,1,5.456
Open MOOC,196,2,11.011
Open MOOC,196,3,16.449
Open MOOC,197,1,5.333
Open MOOC,197,2,10.771
Open MOOC,197,3,16.149
Open MOOC,198,1,5.347
Open MOOC,198,2,10.676
Open MOOC,198,3,16.132
Open MOOC,199,1,5.407
Open MOOC,199,2,10.879
Open MOOC,199,3,16.39
Open MOOC,200,1,5.411
Open MOOC,200,2,10.866
Open MOOC,200,3,16.273
Open MOOC,201,1,5.396
Open MOOC,201,2,10.873
Open MOOC,201,3,16.257
Open MOOC,202,1,5.458
Open MOOC,202,2,10.979
Open MOOC,202,3,16.409
Open MOOC,203,1,5.363
Open MOOC,203,2,10.849
Open MOOC,203,3,16.338
Open MOOC,204,1,5.555
Open MOOC,204,2,10.957
Open MOOC,204,3,16.46
Open MOOC,205,1,5.38
Open MOOC,205,2,10.787
Open MOOC,205,3,16.246
Open MOOC,206,1,5.439
Open MOOC,206,2,10.966
Open MOOC,206,3,16.348
Open MOOC,207,1,5.322
Open MOOC,207,2,10.684
Open MOOC,207,3,16.051
Open MOOC,208,1,5.516
Open MOOC,208,2,10.967
Open MOOC,208,3,16.329
Open MOOC,209,1,5.533
Open MOOC,209,2,10.968
Open MOOC,209,3,16.353
Open MOOC,210,1,5.533
Open MOOC,210,2,10.94
Open MOOC,210,3,16.23
Open MOOC,211,1,5.432
Open MOOC,211,2,10.885
Open MOOC,211,3,16.37
Open MOOC,212,1,5.253
Open MOOC,212,2,10.693
Open MOOC,212,3,16.221
Open MOOC,213,1,5.252
Open MOOC,213,2,10.614
Open MOOC,213,3,16.04
Open MOOC,214,1,5.412
Open MOOC,214,2,10.939
Open MOOC,214,3,16.467
Open MOOC,215,1,5.349
Open MOOC,215,2,10.798
Open MOOC,215,3,16.313
Open MOOC,216,1,5.454
Open MOOC,216,2,10.881
Open MOOC,216,3,16.233
Open MOOC,217,1,5.509
Open MOOC,217,2,10.897
Open MOOC,217,3,16.336
Open MOOC,218,1,5.418
Open MOOC,218,2,10.867
Open MOOC,218,3,16.328
Open MOOC,219,1,5.412
Open MOOC,219,2,10.854
Open MOOC,219,3,16.366
Open MOOC,220,1,5.382
Open MOOC,220,2,10.741
Open MOOC,220,3,16.231
Open MOOC,221,1,5.371
Open MOOC,221,2,10.828
Open MOOC,221,3,16.197
Open MOOC,222,1,5.475
Open MOOC,222,2,10.891
Open MOOC,222,3,16.318
Open MOOC,223,1,5.401
Open MOOC,223,2,10.898
Open MOOC,223,3,16.406
Open MOOC,224,1,5.417
Open MOOC,224,2,10.981
Open MOOC,224,3,16.299
Open MOOC,225,1,5.333
Open MOOC,225,2,10.819
Open MOOC,225,3,16.175
Open MOOC,226,1,5.286
Open MOOC,226,2,10.565
Open MOOC,226,3,16.053
Open MOOC,227,1,5.303
Open MOOC,227,2,10.676
Open MOOC,227,3,16.057
Open MOOC,228,1,5.36
Open MOOC,228,2,10.748
Open MOOC,228,3,16.184
Open MOOC,229,1,5.346
Open MOOC,229,2,10.741
Open MOOC,229,3,16.277
Open MOOC,230,1,5.428
Open MOOC,230,2,10.759
Open MOOC,230,3,16.263
Open MOOC,231,1,5.507
Open MOOC,231,2,10.951
Open MOOC,231,3,16.305
Open MOOC,232,1,5.348
Open MOOC,232,2,10.676
Open MOOC,232,3,16.034
Open MOOC,233,1,5.39
Open MOOC,233,2,10.904
Open MOOC,233,3,16.42
Open MOOC,234,1,5.411
Open MOOC,234,2,10.939
Open MOOC,234,3,16.304
Open MOOC,235,1,5.468
Open MOOC,235,2,10.865
Open MOOC,235,3,16.272
Open MOOC,236,1,5.411
Open MOOC,236,2,10.968
Open MOOC,236,3,16.326
Open MOOC,237,1,5.426
Open MOOC,237,2,10.982
Open MOOC,237,3,16.511
Open MOOC,238,1,5.37
Open MOOC,238,2,10.931
Open MOOC,238,3,16.345
Open MOOC,239,1,5.411
Open MOOC,239,2,10.911
Open MOOC,239,3,16.283
Open MOOC,240,1,5.431
Open MOOC,240,2,10.775
Open MOOC,240,3,16.191
Open MOOC,241,1,5.375
Open MOOC,241,2,10.769
Open MOOC,241,3,16.282
Open MOOC,242,1,5.422
Open MOOC,242,2,10.967
Open MOOC,242,3,16.308
Open MOOC,243,1,5.405
Open MOOC,243,2,10.825
Open MOOC,243,3,16.134
Open MOOC,244,1,5.46
Open MOOC,244,2,10.814
Open MOOC,244,3,16.182
Open MOOC,245,1,5.361
Open MOOC,245,2,10.76
Open MOOC,245,3,16.086
Open MOOC,246,1,5.444
Open MOOC,246,2,10.819
Open MOOC,246,3,16.285
Open MOOC,247,1,5.341
Open MOOC,247,2,10.773
Open MOOC,247,3,16.232
Open MOOC,248,1,5.414
Open MOOC,248,2,10.924
Open MOOC,248,3,16.356
Open MOOC,249,1,5.429
Open MOOC,249,2,10.855
Open MOOC,249,3,16.185
Open MOOC,250,1,5.393
Open MOOC,250,2,10.795
Open MOOC,250,3,16.122
Open MOOC,251,1,5.352
Open MOOC,251,2,10.739
Open MOOC,251,3,16.15
Open MOOC,252,1,5.479
Open MOOC,252,2,10.899
Open MOOC,252,3,16.346
Open MOOC,253,1,5.515
Open MOOC,253,2,10.955
Open MOOC,253,3,16.27
Open MOOC,254,1,5.46
Open MOOC,254,2,10.883
Open MOOC,254,3,16.309
Open MOOC,255,1,5.411
Open MOOC,255,2,10.963
Open MOOC,255,3,16.418
Open MOOC,256,1,5.4
Open MOOC,256,2,10.998
Open MOOC,256,3,16.424
Open MOOC,257,1,5.423
Open MOOC,257,2,10.727
Open MOOC,257,3,16.14
Open MOOC,258,1,5.486
Open MOOC,258,2,10.962
Open MOOC,258,3,16.323
Open MOOC,259,1,5.468
Open MOOC,259,2,10.96
Open MOOC,259,3,16.359
Open MOOC,260,1,5.411
Open MOOC,260,2,10.854
Open MOOC,260,3,16.381
Open MOOC,261,1,5.451
Open MOOC,261,2,10.938
Open MOOC,261,3,16.285
Open MOOC,262,1,5.469
Open MOOC,262,2,10.928
Open MOOC,262,3,16.443
Open MOOC,263,1,5.358
Open MOOC,263,2,10.822
Open MOOC,263,3,16.332
Open MOOC,264,1,5.447
Open MOOC,264,2,10.858
Open MOOC,264,3,16.395
Open MOOC,265,1,5.334
Open MOOC,265,2,10.626
Open MOOC,265,3,16.082
Open MOOC,266,1,5.347
Open MOOC,266,2,10.697
Open MOOC,266,3,16.265
Open MOOC,267,1,5.448
Open MOOC,267,2,10.986
Open MOOC,267,3,16.441
Open MOOC,268,1,5.345
Open MOOC,268,2,10.812
Open MOOC,268,3,16.336
Open MOOC,269,1,5.453
Open MOOC,269,2,10.895
Open MOOC,269,3,16.373
Open MOOC,270,1,5.447
Open MOOC,270,2,10.859
Open MOOC,270,3,16.292
Open MOOC,271,1,5.26
Open MOOC,271,2,10.645
Open MOOC,271,3,16.029
Open MOOC,272,1,5.476
Open MOOC,272,2,10.975
Open MOOC,272,3,16.26
Open MOOC,273,1,5.457
Open MOOC,273,2,10.969
Open MOOC,273,3,16.338
Open MOOC,274,1,5.371
Open MOOC,274,2,10.876
Open MOOC,274,3,16.261
Open MOOC,275,1,5.588
Open MOOC,275,2,11.155
Open MOOC,275,3,16.542
Open MOOC,276,1,5.364
Open MOOC,276,2,10.778
Open MOOC,276,3,16.325
Open MOOC,277,1,5.411
Open MOOC,277,2,10.865
Open MOOC,277,3,16.252
Open MOOC,278,1,5.482
Open MOOC,278,2,10.897
Open MOOC,278,3,16.377
Open MOOC,279,1,5.399
Open MOOC,279,2,10.958
Open MOOC,279,3,16.365
Open MOOC,280,1,5.486
Open MOOC,280,2,10.753
Open MOOC,280,3,16.129
Open MOOC,281,1,5.594
Open MOOC,281,2,11.009
Open MOOC,281,3,16.485
Open MOOC,282,1,5.576
Open MOOC,282,2,10.969
Open MOOC,282,3,16.386
Open MOOC,283,1,5.437
Open MOOC,283,2,10.838
Open MOOC,283,3,16.218
Open MOOC,284,1,5.438
Open MOOC,284,2,11.039
Open MOOC,284,3,16.497
Open MOOC,285,1,5.602
Open MOOC,285,2,11.064
Open MOOC,285,3,16.596
Open MOOC,286,1,5.384
Open MOOC,286,2,10.741
Open MOOC,286,3,16.117
Open MOOC,287,1,5.395
Open MOOC,287,2,10.915
Open MOOC,287,3,16.452
Open MOOC,288,1,5.422
Open MOOC,288,2,10.845
Open MOOC,288,3,16.281
Open MOOC,289,1,5.392
Open MOOC,289,2,10.777
Open MOOC,289,3,16.158
Open MOOC,290,1,5.401
Open MOOC,290,2,10.756
Open MOOC,290,3,16.22
Open MOOC,291,1,5.518
Open MOOC,291,2,10.946
Open MOOC,291,3,16.359
Open MOOC,292,1,5.401
Open MOOC,292,2,10.787
Open MOOC,292,3,16.309
Open MOOC,293,1,5.241
Open MOOC,293,2,10.712
Open MOOC,293,3,16.064
Open MOOC,294,1,5.391
Open MOOC,294,2,10.828
Open MOOC,294,3,16.327
Open MOOC,295,1,5.45
Open MOOC,295,2,10.892
Open MOOC,295,3,16.256
Open MOOC,296,1,5.327
Open MOOC,296,2,10.762
Open MOOC,296,3,16.165
Open MOOC,297,1,5.449
Open MOOC,297,2,10.91
Open MOOC,297,3,16.335
Open MOOC,298,1,5.442
Open MOOC,298,2,10.913
Open MOOC,298,3,16.268
Open MOOC,299,1,5.416
Open MOOC,299,2,10.808
Open MOOC,299,3,16.296
Open MOOC,300,1,5.51
Open MOOC,300,2,10.985
Open MOOC,300,3,16.453
Open MOOC,301,1,5.523
Open MOOC,301,2,10.957
Open MOOC,301,3,16.389
Open MOOC,302,1,5.39
Open MOOC,302,2,10.76
Open MOOC,302,3,16.205
Open MOOC,303,1,5.235
Open MOOC,303,2,10.729
Open MOOC,303,3,16.304
Open MOOC,304,1,5.39
Open MOOC,304,2,10.876
Open MOOC,304,3,16.358
Open MOOC,305,1,5.513
Open MOOC,305,2,11.038
Open MOOC,305,3,16.514
Open MOOC,306,1,5.519
Open MOOC,306,2,11.07
Open MOOC,306,3,16.604
Open MOOC,307,1,5.293
Open MOOC,307,2,10.659
Open MOOC,307,3,16.082
Open MOOC,308,1,5.409
Open MOOC,308,2,10.891
Open MOOC,308,3,16.256
Open MOOC,309,1,5.421
Open MOOC,309,2,10.874
Open MOOC,309,3,16.269
Open MOOC,310,1,5.397
Open MOOC,310,2,10.758
Open MOOC,310,3,16.062
Open MOOC,311,1,5.405
Open MOOC,311,2,10.852
Open MOOC,311,3,16.332
Open MOOC,312,1,5.502
Open MOOC,312,2,11.066
Open MOOC,312,3,16.518
Open MOOC,313,1,5.497
Open MOOC,313,2,10.851
Open MOOC,313,3,16.229
Open MOOC,314,1,5.476
Open MOOC,314,2,11.075
Open MOOC,314,3,16.501
Open MOOC,315,1,5.48
Open MOOC,315,2,11.059
Open MOOC,315,3,16.442
Open MOOC,316,1,5.393
Open MOOC,316,2,10.862
Open MOOC,316,3,16.289
Open MOOC,317,1,5.342
Open MOOC,317,2,10.955
Open MOOC,317,3,16.39
Open MOOC,318,1,5.492
Open MOOC,318,2,10.992
Open MOOC,318,3,16.576
Open MOOC,319,1,5.275
Open MOOC,319,2,10.699
Open MOOC,319,3,16.222
Open MOOC,320,1,5.361
Open MOOC,320,2,10.82
Open MOOC,320,3,16.231
Open MOOC,321,1,5.332
Open MOOC,321,2,10.697
Open MOOC,321,3,16.195
Open MOOC,322,1,5.352
Open MOOC,322,2,10.663
Open MOOC,322,3,16.134
Open MOOC,323,1,5.458
Open MOOC,323,2,10.839
Open MOOC,323,3,16.278
Open MOOC,324,1,5.456
Open MOOC,324,2,10.863
Open MOOC,324,3,16.219
Open MOOC,325,1,5.285
Open MOOC,325,2,10.781
Open MOOC,325,3,16.215
Open MOOC,326,1,5.33
Open MOOC,326,2,10.668
Open MOOC,326,3,16.084
Open MOOC,327,1,5.457
Open MOOC,327,2,10.857
Open MOOC,327,3,16.37
Open MOOC,328,1,5.398
Open MOOC,328,2,10.944
Open MOOC,328,3,16.364
Open MOOC,329,1,5.562
Open MOOC,329,2,10.937
Open MOOC,329,3,16.205
Open MOOC,330,1,5.415
Open MOOC,330,2,10.945
Open MOOC,330,3,16.412
Open MOOC,331,1,5.472
Open MOOC,331,2,10.956
Open MOOC,331,3,16.452
Open MOOC,332,1,5.364
Open MOOC,332,2,10.725
Open MOOC,332,3,16.185
Open MOOC,333,1,5.424
Open MOOC,333,2,10.96
Open MOOC,333,3,16.311
Open MOOC,334,1,5.434
Open MOOC,334,2,10.885
Open MOOC,334,3,16.352
Open MOOC,335,1,5.411
Open MOOC,335,2,10.835
Open MOOC,335,3,16.247
Open MOOC,336,1,5.319
Open MOOC,336,2,10.613
Open MOOC,336,3,15.988
Open MOOC,337,1,5.363
Open MOOC,337,2,10.726
Open MOOC,337,3,16.133
Open MOOC,338,1,5.404
Open MOOC,338,2,10.837
Open MOOC,338,3,16.299
Open MOOC,339,1,5.39
Open MOOC,339,2,10.92
Open MOOC,339,3,16.32
Open MOOC,340,1,5.43
Open MOOC,340,2,10.8
Open MOOC,340,3,16.136
Open MOOC,341,1,5.416
Open MOOC,341,2,10.856
Open MOOC,341,3,16.268
Open MOOC,342,1,5.427
Open MOOC,342,2,10.792
Open MOOC,342,3,16.141
Open MOOC,343,1,5.492
Open MOOC,343,2,10.96
Open MOOC,343,3,16.468
Open MOOC,344,1,5.426
Open MOOC,344,2,10.682
Open MOOC,344,3,16.153
Open MOOC,345,1,5.407
Open MOOC,345,2,10.809
Open MOOC,345,3,16.393
Open MOOC,346,1,5.375
Open MOOC,346,2,10.784
Open MOOC,346,3,16.134
Open MOOC,347,1,5.464
Open MOOC,347,2,10.878
Open MOOC,347,3,16.26
Open MOOC,348,1,5.371
Open MOOC,348,2,10.776
Open MOOC,348,3,16.227
Open MOOC,349,1,5.422
Open MOOC,349,2,10.901
Open MOOC,349,3,16.225
Open MOOC,350,1,5.526
Open MOOC,350,2,11.018
Open MOOC,350,3,16.367
Open MOOC,351,1,5.408
Open MOOC,351,2,10.864
Open MOOC,351,3,16.307
Open MOOC,352,1,5.446
Open MOOC,352,2,10.87
Open MOOC,352,3,16.321
Open MOOC,353,1,5.5
Open MOOC,353,2,11.002
Open MOOC,353,3,16.457
Open MOOC,354,1,5.376
Open MOOC,354,2,10.702
Open MOOC,354,3,16.048
Open MOOC,355,1,5.358
Open MOOC,355,2,10.821
Open MOOC,355,3,16.163
Open MOOC,356,1,5.586
Open MOOC,356,2,11.211
Open MOOC,356,3,16.676
Open MOOC,357,1,5.366
Open MOOC,357,2,10.766
Open MOOC,357,3,16.041
Open MOOC,358,1,5.548
Open MOOC,358,2,10.905
Open MOOC,358,3,16.272
Open MOOC,359,1,5.428
Open MOOC,359,2,10.828
Open MOOC,359,3,16.359
Open MOOC,360,1,5.375
Open MOOC,360,2,10.5
Open MOOC,360,3,15.985
Open MOOC,361,1,5.516
Open MOOC,361,2,11.025
Open MOOC,361,3,16.58
Open MOOC,362,1,5.308
Open MOOC,362,2,10.676
Open MOOC,362,3,16.069
Open MOOC,363,1,5.463
Open MOOC,363,2,11.008
Open MOOC,363,3,16.284
Open MOOC,364,1,5.444
Open MOOC,364,2,10.879
Open MOOC,364,3,16.387
Open MOOC,365,1,5.435
Open MOOC,365,2,10.906
Open MOOC,365,3,16.292
Open MOOC,366,1,5.432
Open MOOC,366,2,10.999
Open MOOC,366,3,16.44
Open MOOC,367,1,5.331
Open MOOC,367,2,10.65
Open MOOC,367,3,16.08
Open MOOC,368,1,5.392
Open MOOC,368,2,10.732
Open MOOC,368,3,16.288
Open MOOC,369,1,5.39
Open MOOC,369,2,10.787
Open MOOC,369,3,16.258
Open MOOC,370,1,5.468
Open MOOC,370,2,10.904
Open MOOC,370,3,16.181
Open MOOC,371,1,5.435
Open MOOC,371,2,10.842
Open MOOC,371,3,16.244
Open MOOC,372,1,5.485
Open MOOC,372,2,10.918
Open MOOC,372,3,16.231
Open MOOC,373,1,5.501
Open MOOC,373,2,10.978
Open MOOC,373,3,16.433
Open MOOC,374,1,5.362
Open MOOC,374,2,10.849
Open MOOC,374,3,16.279
Open MOOC,375,1,5.414
Open MOOC,375,2,10.832
Open MOOC,375,3,16.146
Open MOOC,376,1,5.391
Open MOOC,376,2,10.697
Open MOOC,376,3,16.148
Open MOOC,377,1,5.447
Open MOOC,377,2,10.886
Open MOOC,377,3,16.32
Open MOOC,378,1,5.404
Open MOOC,378,2,10.835
Open MOOC,378,3,16.26
Open MOOC,379,1,5.421
Open MOOC,379,2,10.81
Open MOOC,379,3,16.329
Open MOOC,380,1,5.396
Open MOOC,380,2,10.761
Open MOOC,380,3,16.205
Open MOOC,381,1,5.441
Open MOOC,381,2,11.005
Open MOOC,381,3,16.449
Open MOOC,382,1,5.363
Open MOOC,382,2,10.885
Open MOOC,382,3,16.43
Open MOOC,383,1,5.438
Open MOOC,383,2,10.99
Open MOOC,383,3,16.396
Open MOOC,384,1,5.398
Open MOOC,384,2,10.686
Open MOOC,384,3,16.216
Open MOOC,385,1,5.29
Open MOOC,385,2,10.734
Open MOOC,385,3,16.149
Open MOOC,386,1,5.437
Open MOOC,386,2,10.937
Open MOOC,386,3,16.328
Open MOOC,387,1,5.476
Open MOOC,387,2,10.827
Open MOOC,387,3,16.186
Open MOOC,388,1,5.38
Open MOOC,388,2,10.786
Open MOOC,388,3,16.099
Open MOOC,389,1,5.399
Open MOOC,389,2,10.752
Open MOOC,389,3,16.214
Open MOOC,390,1,5.323
Open MOOC,390,2,10.758
Open MOOC,390,3,16.186
Open MOOC,391,1,5.502
Open MOOC,391,2,10.942
Open MOOC,391,3,16.428
Open MOOC,392,1,5.535
Open MOOC,392,2,10.982
Open MOOC,392,3,16.346
Open MOOC,393,1,5.346
Open MOOC,393,2,10.764
Open MOOC,393,3,16.157
Open MOOC,394,1,5.457
Open MOOC,394,2,11.024
Open MOOC,394,3,16.377
Open MOOC,395,1,5.471
Open MOOC,395,2,10.874
Open MOOC,395,3,16.247
Open MOOC,396,1,5.338
Open MOOC,396,2,10.741
Open MOOC,396,3,16.13
Open MOOC,397,1,5.208
Open MOOC,397,2,10.689
Open MOOC,397,3,16.065
Open MOOC,398,1,5.376
Open MOOC,398,2,10.713
Open MOOC,398,3,16.029
Open MOOC,399,1,5.338
Open MOOC,399,2,11.004
Open MOOC,399,3,16.374
Open MOOC,400,1,5.52
Open MOOC,400,2,10.947
Open MOOC,400,3,16.343
Open MOOC,401,1,5.386
Open MOOC,401,2,10.771
Open MOOC,401,3,16.259
Open MOOC,402,1,5.443
Open MOOC,402,2,10.748
Open MOOC,402,3,16.315
Open MOOC,403,1,5.357
Open MOOC,403,2,10.822
Open MOOC,403,3,16.332
Open MOOC,404,1,5.367
Open MOOC,404,2,10.872
Open MOOC,404,3,16.154
Open MOOC,405,1,5.526
Open MOOC,405,2,11.11
Open MOOC,405,3,16.518
Open MOOC,406,1,5.465
Open MOOC,406,2,10.97
Open MOOC,406,3,16.373
Open MOOC,407,1,5.525
Open MOOC,407,2,10.972
Open MOOC,407,3,16.364
Open MOOC,408,1,5.473
Open MOOC,408,2,10.862
Open MOOC,408,3,16.384
Open MOOC,409,1,5.416
Open MOOC,409,2,10.848
Open MOOC,409,3,16.324
Open MOOC,410,1,5.407
Open MOOC,410,2,10.815
Open MOOC,410,3,16.247
Open MOOC,411,1,5.378
Open MOOC,411,2,10.66
Open MOOC,411,3,16.013
Open MOOC,412,1,5.517
Open MOOC,412,2,10.978
Open MOOC,412,3,16.357
Open MOOC,413,1,5.456
Open MOOC,413,2,10.859
Open MOOC,413,3,16.359
Open MOOC,414,1,5.448
Open MOOC,414,2,10.86
Open MOOC,414,3,16.402
Open MOOC,415,1,5.429
Open MOOC,415,2,10.716
Open MOOC,415,3,16.178
Open MOOC,416,1,5.309
Open MOOC,416,2,10.847
Open MOOC,416,3,16.237
Open MOOC,417,1,5.531
Open MOOC,417,2,10.946
Open MOOC,417,3,16.405
Open MOOC,418,1,5.303
Open MOOC,418,2,10.708
Open MOOC,418,3,15.965
Open MOOC,419,1,5.394
Open MOOC,419,2,11.001
Open MOOC,419,3,16.46
Open MOOC,420,1,5.393
Open MOOC,420,2,10.954
Open MOOC,420,3,16.256
Open MOOC,421,1,5.47
Open MOOC,421,2,10.949
Open MOOC,421,3,16.418
Open MOOC,422,1,5.513
Open MOOC,422,2,10.973
Open MOOC,422,3,16.351
Open MOOC,423,1,5.438
Open MOOC,423,2,10.928
Open MOOC,423,3,16.168
Open MOOC,424,1,5.414
Open MOOC,424,2,10.69
Open MOOC,424,3,16.154
Open MOOC,425,1,5.542
Open MOOC,425,2,10.983
Open MOOC,425,3,16.445
Open MOOC,426,1,5.491
Open MOOC,426,2,10.938
Open MOOC,426,3,16.331
Open MOOC,427,1,5.435
Open MOOC,427,2,10.789
Open MOOC,427,3,16.381
Open MOOC,428,1,5.503
Open MOOC,428,2,10.945
Open MOOC,428,3,16.359
Open MOOC,429,1,5.577
Open MOOC,429,2,11.01
Open MOOC,429,3,16.392
Open MOOC,430,1,5.234
Open MOOC,430,2,10.752
Open MOOC,430,3,16.302
Open MOOC,431,1,5.435
Open MOOC,431,2,10.858
Open MOOC,431,3,16.293
Open MOOC,432,1,5.409
Open MOOC,432,2,10.718
Open MOOC,432,3,16.119
Open MOOC,433,1,5.531
Open MOOC,433,2,10.829
Open MOOC,433,3,16.296
Open MOOC,434,1,5.473
Open MOOC,434,2,10.874
Open MOOC,434,3,16.114
Open MOOC,435,1,5.334
Open MOOC,435,2,10.694
Open MOOC,435,3,16.155
Open MOOC,436,1,5.465
Open MOOC,436,2,10.925
Open MOOC,436,3,16.346
Open MOOC,437,1,5.303
Open MOOC,437,2,10.64
Open MOOC,437,3,16.083
Open MOOC,438,1,5.349
Open MOOC,438,2,10.833
Open MOOC,438,3,16.083
Open MOOC,439,1,5.479
Open MOOC,439,2,10.954
Open MOOC,439,3,16.438
Open MOOC,440,1,5.337
Open MOOC,440,2,10.686
Open MOOC,440,3,16.15
Open MOOC,441,1,5.37
Open MOOC,441,2,10.815
Open MOOC,441,3,16.172
Open MOOC,442,1,5.392
Open MOOC,442,2,10.846
Open MOOC,442,3,16.265
Open MOOC,443,1,5.508
Open MOOC,443,2,10.865
Open MOOC,443,3,16.401
Open MOOC,444,1,5.347
Open MOOC,444,2,10.85
Open MOOC,444,3,16.408
Open MOOC,445,1,5.51
Open MOOC,445,2,11.097
Open MOOC,445,3,16.542
Open MOOC,446,1,5.534
Open MOOC,446,2,10.88
Open MOOC,446,3,16.245
Open MOOC,447,1,5.362
Open MOOC,447,2,10.772
Open MOOC,447,3,16.234
Open MOOC,448,1,5.386
Open MOOC,448,2,10.917
Open MOOC,448,3,16.362
Open MOOC,449,1,5.4
Open MOOC,449,2,10.79
Open MOOC,449,3,16.199
Open MOOC,450,1,5.337
Open MOOC,450,2,10.689
Open MOOC,450,3,16.092
Open MOOC,451,1,5.389
Open MOOC,451,2,10.73
Open MOOC,451,3,16.189
Open MOOC,452,1,5.363
Open MOOC,452,2,10.728
Open MOOC,452,3,16.184
Open MOOC,453,1,5.506
Open MOOC,453,2,10.865
Open MOOC,453,3,16.332
Open MOOC,454,1,5.362
Open MOOC,454,2,10.757
Open MOOC,454,3,16.168
Open MOOC,455,1,5.426
Open MOOC,455,2,10.843
Open MOOC,455,3,16.189
Open MOOC,456,1,5.548
Open MOOC,456,2,11.008
Open MOOC,456,3,16.38
Open MOOC,457,1,5.417
Open MOOC,457,2,10.926
Open MOOC,457,3,16.189
Open MOOC,458,1,5.388
Open MOOC,458,2,10.824
Open MOOC,458,3,16.16
Open MOOC,459,1,5.535
Open MOOC,459,2,10.931
Open MOOC,459,3,16.392
Open MOOC,460,1,5.419
Open MOOC,460,2,10.858
Open MOOC,460,3,16.248
Open MOOC,461,1,5.399
Open MOOC,461,2,10.812
Open MOOC,461,3,16.199
Open MOOC,462,1,5.284
Open MOOC,462,2,10.758
Open MOOC,462,3,16.14
Open MOOC,463,1,5.545
Open MOOC,463,2,11.097
Open MOOC,463,3,16.549
Open MOOC,464,1,5.463
Open MOOC,464,2,10.969
Open MOOC,464,3,16.442
Open MOOC,465,1,5.54
Open MOOC,465,2,10.908
Open MOOC,465,3,16.332
Open MOOC,466,1,5.43
Open MOOC,466,2,10.842
Open MOOC,466,3,16.099
Open MOOC,467,1,5.454
Open MOOC,467,2,10.944
Open MOOC,467,3,16.393
Open MOOC,468,1,5.489
Open MOOC,468,2,10.752
Open MOOC,468,3,16.197
Open MOOC,469,1,5.396
Open MOOC,469,2,10.802
Open MOOC,469,3,16.303
Open MOOC,470,1,5.495
Open MOOC,470,2,10.864
Open MOOC,470,3,16.283
Open MOOC,471,1,5.333
Open MOOC,471,2,10.703
Open MOOC,471,3,16.048
Open MOOC,472,1,5.511
Open MOOC,472,2,10.968
Open MOOC,472,3,16.415
Open MOOC,473,1,5.478
Open MOOC,473,2,10.757
Open MOOC,473,3,16.22
Open MOOC,474,1,5.377
Open MOOC,474,2,10.735
Open MOOC,474,3,16.221
Open MOOC,475,1,5.316
Open MOOC,475,2,10.631
Open MOOC,475,3,16.016
Open MOOC,476,1,5.426
Open MOOC,476,2,10.836
Open MOOC,476,3,16.196
Open MOOC,477,1,5.407
Open MOOC,477,2,10.662
Open MOOC,477,3,16.101
Open MOOC,478,1,5.406
Open MOOC,478,2,10.768
Open MOOC,478,3,16.21
Open MOOC,479,1,5.468
Open MOOC,479,2,10.93
Open MOOC,479,3,16.373
Open MOOC,480,1,5.597
Open MOOC,480,2,10.949
Open MOOC,480,3,16.367
Open MOOC,481,1,5.367
Open MOOC,481,2,10.887
Open MOOC,481,3,16.31
Open MOOC,482,1,5.5
Open MOOC,482,2,11.011
Open MOOC,482,3,16.402
Open MOOC,483,1,5.419
Open MOOC,483,2,10.724
Open MOOC,483,3,16.054
Open MOOC,484,1,5.369
Open MOOC,484,2,10.915
Open MOOC,484,3,16.409
Open MOOC,485,1,5.455
Open MOOC,485,2,10.768
Open MOOC,485,3,16.3
Open MOOC,486,1,5.469
Open MOOC,486,2,10.997
Open MOOC,486,3,16.445
Open MOOC,487,1,5.345
Open MOOC,487,2,10.786
Open MOOC,487,3,16.22
Open MOOC,488,1,5.451
Open MOOC,488,2,10.688
Open MOOC,488,3,16.181
Open MOOC,489,1,5.471
Open MOOC,489,2,10.916
Open MOOC,489,3,16.444
Open MOOC,490,1,5.432
Open MOOC,490,2,10.799
Open MOOC,490,3,16.199
Open MOOC,491,1,5.462
Open MOOC,491,2,10.805
Open MOOC,491,3,16.262
Open MOOC,492,1,5.437
Open MOOC,492,2,10.846
Open MOOC,492,3,16.162
Open MOOC,493,1,5.519
Open MOOC,493,2,10.837
Open MOOC,493,3,16.251
Open MOOC,494,1,5.514
Open MOOC,494,2,11.016
Open MOOC,494,3,16.382
Open MOOC,495,1,5.401
Open MOOC,495,2,10.849
Open MOOC,495,3,16.302
Open MOOC,496,1,5.365
Open MOOC,496,2,10.73
Open MOOC,496,3,16.197
Open MOOC,497,1,5.527
Open MOOC,497,2,10.96
Open MOOC,497,3,16.452
Open MOOC,498,1,5.487
Open MOOC,498,2,10.97
Open MOOC,498,3,16.461
Open MOOC,499,1,5.531
Open MOOC,499,2,11.091
Open MOOC,499,3,16.618
